Subject,NEOFAC_N,NEO-FFI_Compl,NEORAW_01,NEORAW_06,NEORAW_11,NEORAW_16,NEORAW_21,NEORAW_26,NEORAW_31,NEORAW_36,NEORAW_41,NEORAW_46,NEORAW_51,NEORAW_56
438716,23,True,A,D,SA,N,N,SD,SD,N,N,SA,A,N
717713,21,True,SA,D,D,SA,N,A,SD,SD,A,SA,A,SA
973742,25,True,SA,D,A,N,A,N,N,SD,A,A,SA,SA
483168,23,True,N,SA,A,SA,SD,SD,D,SA,A,SA,D,A
879328,21,True,SA,A,D,N,N,SA,D,A,D,N,SD,SD
530581,19,True,SD,D,SD,A,A,SA,SA,D,SA,A,SD,SD
919501,24,True,A,SD,D,N,N,SD,SD,D,SA,SD,SA,D
587070,20,True,SA,SA,D,N,N,D,N,SD,SD,N,SA,N
552928,30,True,D,A,D,A,SA,A,SD,SA,N,A,SD,SA
343703,15,True,SD,SD,SA,A,D,N,SA,SD,D,A,SD,D
821833,30,True,A,D,A,SD,N,SA,N,D,A,A,SA,SA
570820,17,True,A,N,D,N,D,D,SA,D,A,A,N,N
451650,26,True,SA,A,A,SA,A,SA,SD,A,SD,N,N,N
665515,26,True,SD,SD,D,SD,SD,N,D,SD,SA,N,A,A
844543,24,True,D,D,N,A,N,SD,SD,SA,N,SD,SD,D
454586,29,True,D,A,SA,A,A,N,A,N,N,N,A,A
530491,33,True,N,SD,SA,SD,SA,SA,SD,N,N,SD,N,D
330705,22,True,A,SD,SA,D,D,D,SD,SD,D,D,D,A
936336,15,True,SA,A,SD,A,SD,N,D,SD,A,N,D,SD
937604,25,True,D,SA,SA,A,SA,N,SA,SD,D,N,SD,SA
457879,27,True,D,A,SA,SD,SD,SA,A,SD,SD,D,A,N
254173,29,True,SD,SA,SD,SD,N,SA,D,N,SD,SD,SD,N
961016,14,True,SA,D,SD,N,D,A,A,SD,N,SA,SA,SD
178101,20,True,D,N,N,N,SA,SD,N,SA,SD,A,SD,SD
135099,27,True,N,SA,N,SA,N,N,A,D,D,SD,SA,SA
990570,31,True,SD,N,D,SD,SD,A,D,A,N,SD,N,A
913314,26,True,D,A,SD,SD,D,SD,SA,A,N,N,SA,SA
941569,25,True,SD,D,A,N,D,A,D,A,SD,A,SD,SA
605082,22,True,SA,SA,D,SD,N,SD,SA,N,A,SD,D,D
937793,17,True,N,SD,D,A,SD,N,A,A,N,SD,D,SD
797765,24,True,A,A,A,SD,SD,N,D,SA,A,A,SD,SD
641145,27,True,D,SD,N,N,SA,A,N,D,SA,D,SD,A
518637,20,True,SA,SA,D,A,N,D,D,D,SD,A,SA,N
244116,19,True,N,N,N,A,A,SD,SD,SD,N,SA,D,N
187979,34,True,D,A,N,SD,SA,SA,SD,D,SD,SD,A,N
471144,29,True,D,N,N,D,A,SA,N,A,N,N,N,D
877324,28,True,N,A,D,D,D,SA,N,SA,D,SD,SD,A
210031,28,True,SD,D,SA,SA,SA,N,SA,A,SA,A,SA,D
179141,21,True,D,D,N,N,A,D,SA,N,N,D,D,D
441112,25,True,A,D,N,A,N,SA,D,N,N,N,N,A
773415,20,True,D,N,N,SA,N,SD,N,A,A,N,D,SD
222763,26,True,D,D,D,N,SD,A,D,SA,N,A,SA,N
983050,18,True,A,SA,SD,A,SD,A,N,A,SD,A,N,D
556840,29,True,A,SD,D,D,N,A,A,A,SA,D,SA,SA
376085,22,True,SA,D,N,A,SA,D,D,SA,N,N,SD,N
655387,15,True,A,D,SA,N,D,D,SA,N,SD,D,SD,SD
884002,23,True,SD,SA,SA,SD,SD,D,A,SD,D,N,SD,N
880056,26,True,SD,SD,SA,A,SA,D,SA,N,A,D,D,A
649957,14,True,N,D,D,SA,SD,SD,A,SD,SD,SD,SA,D
852588,24,True,SD,N,D,A,SA,SD,N,SA,N,SA,A,D
464752,22,True,A,SA,SD,A,SA,SD,D,SA,A,SA,SD,N
156745,21,True,D,A,SD,A,D,N,D,A,SD,SA,N,A
477215,40,True,D,A,D,N,A,SA,SD,SA,SA,SD,SA,SA
365816,27,True,A,SA,D,SD,SA,N,D,D,N,A,SD,SA
286378,23,True,SD,A,N,SA,SA,A,SD,SD,SD,SA,N,D
344367,20,True,SA,SD,SA,D,N,SA,SA,SA,SD,SA,D,N
920418,20,True,N,A,SD,SD,D,D,SA,N,SA,N,D,SD
563157,31,True,SD,D,D,D,A,A,SD,A,D,A,A,SA
342810,22,True,SA,SA,N,SA,SD,N,A,D,A,N,A,SA
142141,17,True,SA,SA,D,A,D,A,SA,D,A,D,SD,SD
949174,26,True,A,A,SA,D,N,A,D,SD,SD,SA,SA,A
163686,17,True,N,N,N,A,A,N,N,D,D,SA,D,SD
573021,23,True,A,N,D,SD,A,N,N,A,SD,A,SA,SD
192084,20,True,SD,A,D,N,SD,N,D,SD,D,A,D,N
950311,17,True,N,N,A,SA,SD,SD,A,SD,A,A,SA,D
698598,24,True,N,D,A,A,SA,SD,SD,D,A,N,A,SD
354433,21,True,SD,N,N,N,N,SD,A,N,D,SD,D,SD
275725,14,True,SA,N,SD,N,SD,SD,SD,SD,SA,N,SD,SD
606022,22,True,SA,A,N,SD,N,SD,A,SD,N,SD,N,N
153219,26,True,D,N,SA,SD,D,N,SA,SA,N,D,D,SD
578033,24,True,D,D,SA,SA,A,N,SA,N,A,SA,SA,N
338391,20,True,SA,SD,SA,N,A,D,SA,D,N,D,SD,SA
760280,26,True,N,SA,N,SA,SD,A,SD,SD,A,SD,N,N
461874,24,True,SD,D,SD,SA,N,N,SD,N,A,SA,N,SA
525301,8,True,N,SD,D,A,SD,SA,SA,SD,SD,SA,SD,SD
317003,21,True,D,A,SD,N,A,SA,D,N,SD,SA,D,SD
754609,26,True,A,SA,D,A,A,A,N,SA,N,A,A,D
671273,22,True,N,A,D,SA,A,SD,SD,D,A,N,N,D
395023,23,True,N,N,N,A,SD,SA,N,N,D,N,D,SA
598156,32,True,SD,SA,N,A,N,SA,SD,SD,SA,A,SA,N
954136,25,True,D,SA,SA,SA,N,SD,A,D,SA,A,SA,D
158737,31,True,SA,A,SD,SD,A,SD,SD,SA,SA,D,A,A
457938,21,True,N,N,SA,D,D,D,A,A,D,N,SD,D
151333,25,True,A,N,N,SD,N,SD,SA,D,A,SD,SA,N
188399,24,True,N,SA,A,N,N,N,N,A,N,A,D,SD
952648,29,True,SD,A,A,N,SA,SA,SA,A,A,A,D,D
890520,29,True,N,SA,N,N,SD,SA,N,SA,N,A,A,A
356280,25,True,D,D,SA,SA,D,N,SD,D,A,N,A,D
330713,28,True,D,SD,SA,SA,SA,D,D,SA,N,D,N,N
528829,27,True,A,SA,D,N,SD,SA,N,D,SA,D,D,SA
884742,27,True,D,SA,D,SA,SA,D,A,SD,N,SD,A,SA
441299,22,True,A,N,SA,SA,N,D,N,D,A,SD,D,D
500933,20,True,D,N,SA,A,A,N,N,SD,SD,SA,N,D
313998,21,True,A,D,D,A,SA,D,N,N,N,N,N,N
234698,25,True,D,A,SA,SA,D,D,SD,SD,D,SA,SA,SA
987872,33,True,SA,A,N,SD,N,A,A,SA,SA,N,SA,SA
376351,21,True,SD,SA,D,D,D,D,D,SD,A,A,SD,SD
650012,26,True,N,SD,SA,D,SA,SD,D,N,N,D,N,D
443827,25,True,N,A,A,D,N,N,SD,SD,N,SA,SA,SD
528564,35,True,N,N,SA,SD,SA,N,D,D,SA,SD,N,A
847191,34,True,SD,SA,A,SD,N,SA,D,SD,SA,SA,A,A
151794,21,True,D,D,SD,D,A,SD,SA,SD,N,D,SA,N
730866,30,True,D,D,SD,SD,A,SA,SD,D,SA,D,A,SD
979501,28,True,N,SA,D,D,N,SD,SD,SD,SA,D,SA,D
842287,24,True,D,D,N,D,SA,SD,SA,A,A,N,A,SD
712497,23,True,SD,N,A,N,SD,D,D,A,SD,N,N,D
526268,26,True,N,SD,A,N,A,SA,SD,SD,SA,SA,D,A
388439,30,True,A,SA,N,N,SA,D,SD,D,D,SD,A,A
612611,28,True,SA,D,SA,N,A,A,D,SA,D,SA,A,SA
591299,27,True,A,A,SA,SD,N,SD,SD,N,SD,A,A,A
710170,23,True,N,SA,D,A,D,SD,D,SA,N,N,SD,A
647894,17,True,SA,SD,A,D,D,A,A,N,A,A,SD,SD
171698,20,True,A,D,A,SA,N,SA,N,SD,D,N,SD,SA
848536,23,True,SD,SA,A,SA,A,SD,A,N,SD,A,N,A
755970,32,True,SA,N,SD,SD,SA,SA,D,SA,SA,SD,A,SD
306280,21,True,N,D,SD,D,SA,A,SD,D,SD,SA,N,D
860698,29,True,SA,SA,D,N,N,SA,SD,SA,A,SA,SA,D
215551,13,True,SD,SD,A,SA,SD,D,N,SD,SD,SA,A,SD
589000,24,True,N,N,SD,SA,SA,N,A,A,SA,A,A,N
606274,23,True,SA,SA,SD,D,N,N,N,SA,SD,N,A,D
690120,21,True,A,A,N,N,N,D,N,A,SD,SA,SA,D
489747,19,True,SA,N,SD,A,N,A,A,SD,SA,SA,N,SA
988423,26,True,D,D,SD,SD,D,SA,SD,N,D,SD,SD,N
320817,27,True,SD,A,D,SD,D,D,N,SD,A,N,A,A
804086,18,True,SA,A,SD,A,SD,D,D,D,SA,N,N,D
185182,30,True,A,SA,SD,SD,N,A,N,D,SA,N,SA,A
110906,22,True,D,A,SA,A,N,D,SA,A,A,A,SD,D
126665,22,True,N,SD,D,N,D,N,D,A,SA,A,SD,A
241187,21,True,A,A,SD,SD,A,SD,D,SD,D,D,SD,A
964279,26,True,N,A,SA,D,D,SA,SA,D,N,N,D,A
330598,23,True,SA,D,SD,N,A,SD,A,SA,SA,D,N,A
739879,23,True,SA,D,SA,SA,D,N,A,N,SA,D,N,A
831813,31,True,SD,A,A,SD,A,SA,SA,D,N,SD,SD,A
693927,23,True,A,D,SA,A,D,A,D,SD,D,A,A,SA
478802,23,True,D,D,D,SA,A,SD,D,SA,N,SD,N,SD
100343,25,True,SA,D,A,SA,N,A,SD,SA,SA,D,D,SD
584160,32,True,D,N,A,A,N,N,N,SA,SA,SD,SA,D
933004,27,True,A,N,SD,SA,N,SA,N,SA,SA,SD,N,N
897385,29,True,SD,SA,SA,SD,N,D,A,D,N,SA,A,A
150452,25,True,A,SD,N,D,SA,SA,N,SA,D,A,SD,A
685633,34,True,SD,D,SA,SD,N,SA,A,SA,SA,SD,N,SD
404982,24,True,SA,D,SA,SD,SA,SD,A,N,SD,N,A,A
391811,22,True,A,D,N,SA,D,SD,D,SA,D,D,N,SA
359876,29,True,SD,SD,SA,N,D,SA,D,SA,SD,SD,SD,A
666554,26,True,SA,SA,A,N,A,A,A,D,D,SD,SA,SD
252009,20,True,SA,N,N,D,SD,A,N,SD,A,A,SA,SD
867606,32,True,D,D,SA,D,A,A,SD,D,N,SD,N,N
981760,29,True,D,SA,SA,D,SA,N,A,SD,N,SA,N,SA
258536,21,True,SD,D,D,N,D,SD,A,D,SA,SD,SD,N
104845,20,True,SD,SD,D,SD,D,N,A,N,SD,SA,SA,D
909295,21,True,SA,N,D,SA,N,SA,SA,A,SD,SD,N,A
632652,14,True,SA,SD,SA,A,SD,N,SA,SD,D,N,SD,SA
228952,17,True,SA,N,D,N,N,D,A,A,SD,A,N,N
459918,19,True,N,N,D,A,N,A,A,N,D,A,A,SD
654615,16,True,A,N,A,N,N,SA,A,SD,SD,SA,SD,D
597603,23,True,SD,SA,N,SA,SD,A,A,SD,A,A,D,SA
162904,23,True,SA,SD,A,D,N,SD,SD,N,A,D,SD,A
464423,26,True,A,SA,N,A,D,A,SD,SA,SD,A,N,A
860683,25,True,D,A,N,N,SA,D,N,SD,D,SA,A,SA
941555,26,True,N,SD,D,D,D,N,SD,SA,SD,SD,A,N
910049,30,True,N,A,D,SD,N,D,A,SA,N,N,SA,SA
138066,18,True,SA,N,A,A,D,D,D,SD,SD,SD,SD,A
132132,22,True,SA,SD,A,N,SA,SA,SA,D,SD,A,A,SA
526977,30,True,N,SA,N,SD,D,N,N,N,SA,A,A,A
249526,28,True,N,A,N,N,SA,A,D,D,A,A,SD,SA
354935,20,True,SA,SD,N,A,A,N,N,D,D,SD,N,N
696932,29,True,SD,SD,A,N,D,A,N,SA,N,SD,A,D
986291,17,True,D,SD,D,N,D,N,A,SD,SA,SA,A,SD
251619,20,True,SA,A,SD,N,A,SD,A,A,A,A,SA,SD
868824,40,True,N,SA,SA,D,SA,SA,N,SA,SA,D,A,A
366473,22,True,N,D,SA,A,SD,SA,D,D,SD,N,SA,SD
482206,18,True,N,D,D,SA,D,D,SD,SD,A,D,D,D
875528,32,True,SD,A,SD,N,SA,A,D,SA,SD,N,A,SA
555437,21,True,D,A,SD,SA,SD,SA,SA,A,A,N,SD,A
252731,24,True,A,SA,SD,N,D,SA,SA,D,A,D,N,A
231807,27,True,N,N,SA,SA,SA,A,A,N,SD,N,SA,A
394693,24,True,A,SA,D,D,D,A,N,D,N,N,N,N
473456,20,True,N,A,N,SD,D,D,SD,D,D,A,SD,SD
709927,26,True,D,SD,N,SA,SA,N,SA,SA,A,SD,D,A
428680,31,True,SD,SD,D,D,SA,SA,D,D,A,SD,D,A
401517,25,True,SA,D,A,A,A,A,SD,SA,SA,N,SD,SD
871018,24,True,A,SA,D,SA,A,A,A,A,N,SA,N,SA
429319,25,True,N,SA,N,N,N,D,D,N,SA,A,D,D
873627,26,True,D,SD,N,A,SD,N,D,SA,SA,SD,A,SD
945081,22,True,SA,D,A,D,SD,SA,N,SD,N,SD,A,SD
932244,15,True,SA,D,SD,SA,SD,A,SA,SD,N,SD,A,N
593115,23,True,SD,SA,SA,SA,N,SD,SA,D,SA,D,SD,D
113616,25,True,N,D,N,D,SA,N,A,N,SD,D,SA,D
423296,26,True,A,SD,N,A,SA,N,SD,SA,A,SA,A,N
485799,24,True,SA,N,N,N,A,A,D,A,SD,SA,SA,N
300928,21,True,N,N,SD,A,A,D,SA,A,SA,A,A,D
221680,34,True,SD,SA,A,N,N,SA,A,SA,A,N,A,N
821896,20,True,SA,A,N,SD,N,SD,SA,D,SA,SA,A,D
844077,19,True,N,N,A,N,A,N,N,D,N,SA,SD,SD
962530,25,True,N,D,D,SD,SA,D,N,SD,A,SA,SA,A
145445,22,True,SA,D,SA,D,A,D,A,SD,A,SD,D,D
564220,32,True,N,SA,SA,SA,SA,SA,D,SD,SA,SD,N,D
156311,26,True,N,SD,A,SA,SA,A,D,SA,A,N,D,D
316680,28,True,N,D,SD,SD,SA,SA,SA,A,SA,A,A,N
205994,24,True,N,SD,SA,D,SA,D,A,N,N,D,N,SD
992997,22,True,N,D,SA,SA,SD,D,SD,N,SA,A,A,SD
472221,14,True,SA,D,SD,A,N,N,A,A,D,A,N,SD
868005,21,True,D,SD,SD,SA,A,A,SD,SA,SD,N,N,SD
518842,31,True,D,SA,D,SD,SA,N,A,A,D,D,SA,D
468817,28,True,D,SD,SA,A,A,N,SD,N,N,D,SA,SD
732745,21,True,A,A,D,SD,SD,A,SA,SD,N,A,A,A
520868,29,True,D,SD,A,D,SD,SA,SA,SA,A,N,A,SA
712067,27,True,A,N,SD,SD,SD,SA,A,N,A,N,SA,SA
676740,25,True,D,SA,SA,N,SD,N,SA,SD,A,SD,D,N
861031,26,True,A,D,SA,D,A,D,SA,A,A,D,N,N
619523,28,True,A,SA,N,SD,D,SA,A,SA,SD,N,D,SA
946038,19,True,A,A,SD,A,SD,SA,SA,A,SD,N,SA,D
882880,12,True,A,D,SD,SA,A,SD,N,SD,SD,SA,A,N
502300,28,True,N,SD,SA,SD,SA,A,SA,A,SD,N,A,A
211589,27,True,D,A,D,SA,A,N,A,SD,A,SD,SA,A
697801,25,True,D,D,SD,SD,A,A,D,SD,N,N,D,A
558668,19,True,A,D,SA,A,N,SD,D,N,SD,SA,A,N
394810,9,True,SA,SD,SD,SA,N,SD,N,SD,SD,A,SD,SA
689340,30,True,SD,D,SA,A,A,SD,N,N,SA,A,SA,SA
592951,21,True,SA,SD,SD,D,D,SA,N,A,N,SD,D,D
688099,26,True,A,A,A,SD,D,N,A,N,A,D,N,D
678074,25,True,D,A,SA,D,SD,D,A,N,N,SD,N,SD
980887,31,True,SD,SA,SA,N,D,A,A,A,A,N,A,D
117876,26,True,N,N,A,D,SD,A,SD,A,SA,SA,SD,N
416853,22,True,SA,SA,SD,SA,SD,D,N,N,A,SD,SA,N
600924,20,True,N,A,D,A,SD,SA,D,SD,SA,N,SD,SD
378544,16,True,SA,D,D,SA,D,N,A,A,N,A,D,A
663580,23,True,A,SA,SA,D,D,D,N,SD,D,A,D,SA
706325,25,True,A,D,A,A,D,D,D,A,D,D,SA,A
539082,25,True,N,SD,N,SA,SA,SA,SA,SA,A,SA,SA,N
375590,27,True,D,D,D,D,D,SA,N,A,SD,SD,D,SA
458272,14,True,A,SD,D,N,SD,D,D,N,A,A,SD,SD
946970,25,True,A,D,A,A,A,A,A,D,N,D,N,SA
554274,28,True,A,A,A,D,N,A,SD,D,D,A,SA,N
224403,18,True,D,SD,D,SD,N,SD,SA,D,SA,SA,D,N
751525,19,True,N,A,SD,A,N,SD,A,N,D,A,A,A
321370,22,True,N,SA,D,N,N,SD,SA,D,N,A,A,SA
656977,22,True,SA,SD,SA,SD,D,SD,N,SA,D,N,A,D
894833,21,True,D,SD,D,D,SD,D,D,N,A,A,SA,SD
995303,14,True,A,D,SD,SA,A,SD,A,SD,A,SA,N,A
307653,23,True,D,N,SD,D,A,SD,SA,SD,SA,D,SA,D
430493,20,True,N,A,SA,SA,N,SD,SD,SD,N,A,SD,N
176728,15,True,SA,SD,SD,A,SA,D,A,N,A,N,D,SD
994309,25,True,A,D,SA,SD,SD,N,A,N,SA,SA,N,SA
535741,30,True,SD,D,SA,SA,N,D,D,SA,SA,D,SA,SD
948347,20,True,SA,SD,N,D,N,SD,D,A,N,A,SA,SD
182374,25,True,N,D,A,SA,N,A,SD,A,N,N,SD,A
500004,31,True,D,SA,A,A,N,SA,A,SA,N,N,SA,D
974086,25,True,N,A,A,A,A,N,N,SD,A,A,A,N
403743,27,True,A,A,SA,SD,D,A,N,D,SA,N,D,D
804805,21,True,D,SD,SA,SD,SD,SD,SA,A,SD,A,SA,N
144537,23,True,A,A,D,SA,D,N,SD,D,D,D,SA,N
453030,19,True,N,D,SD,N,N,A,A,SD,D,D,SD,SA
712414,22,True,N,D,A,A,D,SA,N,SD,D,D,A,D
532246,28,True,SD,SA,D,N,D,SA,SA,N,D,D,SA,N
274331,28,True,D,SA,D,SA,A,SA,SD,SA,SD,SD,SD,D
636840,22,True,SD,N,N,A,D,SD,A,SA,SD,SD,SD,A
742252,31,True,D,SD,A,N,SA,A,SD,D,N,D,N,SA
862148,28,True,N,D,N,SD,N,A,N,SA,SA,A,SD,A
687464,19,True,N,D,D,D,D,A,SA,D,SA,A,D,D
550464,22,True,SD,SA,SA,SA,D,SD,SA,SD,D,D,A,N
770712,25,True,SA,SA,N,A,D,D,D,SA,A,A,D,SA
392272,22,True,SA,A,SD,D,SA,A,SD,N,D,SA,N,SD
573281,23,True,N,A,A,SA,A,SD,D,N,D,SA,A,A
642629,14,True,D,A,D,A,A,SD,A,D,SD,A,SD,SD
451481,20,True,N,SD,SD,SA,SD,SA,D,SA,D,SD,D,D
300158,27,True,D,A,N,D,SA,SA,A,N,N,A,D,D
977260,19,True,N,SD,N,N,SD,SD,D,SA,N,A,SD,A
472409,36,True,SD,A,A,D,A,N,SD,N,SA,SD,SA,SD
692307,22,True,SD,A,D,D,D,SD,N,A,N,A,SD,N
136678,30,True,SA,A,N,SD,N,N,SD,N,A,D,SA,D
691720,23,True,SA,SD,SA,A,D,N,SD,A,D,N,D,SA
498807,21,True,A,SA,SD,D,D,D,SD,A,A,SA,D,SD
133855,27,True,N,SA,SD,A,SA,N,A,A,D,SD,N,A
842888,24,True,A,D,A,A,A,N,A,SA,D,N,A,N
688638,24,True,A,SA,N,SD,D,N,SA,D,N,N,SA,D
384978,22,True,SA,D,A,A,A,SD,A,N,SD,D,SA,SA
203092,30,True,A,SA,SD,SD,D,A,A,N,SA,SD,N,SA
416273,24,True,D,A,D,SA,D,A,SA,SA,SA,A,SD,SA
466652,22,True,D,D,SD,A,D,A,SD,A,SD,D,SD,A
978152,27,True,SA,SA,D,N,SA,A,N,D,SD,D,A,SA
874704,19,True,A,A,D,D,D,D,N,A,D,N,D,SD
334890,20,True,A,N,SD,N,A,SD,N,A,SA,SA,N,D
465795,20,True,A,SD,A,D,SD,N,N,SD,A,A,D,SA
660349,26,True,A,SA,D,SA,A,A,D,N,SA,SA,N,A
331348,28,True,D,SD,SA,SD,A,SA,SA,A,SD,A,A,A
335043,21,True,A,D,SA,A,N,SD,D,N,SD,A,SA,N
368128,25,True,SA,A,SD,SD,SD,N,N,D,SA,A,SA,SA
425790,25,True,N,A,N,SD,D,N,D,SD,SD,SD,SA,SD
670308,29,True,N,A,SD,D,SD,A,SD,SA,N,SD,SA,SD
595411,25,True,SD,A,D,D,SD,N,SD,A,N,A,N,SD
816016,25,True,D,A,N,SD,SD,A,SD,SD,SD,A,N,A
182491,30,True,N,SA,N,N,N,SA,D,D,D,D,SA,N
775387,36,True,SD,D,SA,D,A,SA,D,N,A,N,SA,A
674584,31,True,D,SA,N,D,A,N,D,A,D,A,SA,N
881381,31,True,SD,D,SA,N,A,SA,SA,N,SA,A,A,A
922489,23,True,N,D,SA,D,A,SD,A,N,N,A,A,D
412280,19,True,A,A,D,N,SD,A,N,SD,SA,SA,D,N
224568,21,True,D,SD,N,A,A,SD,N,SA,N,A,SD,A
144100,32,True,D,SA,N,SD,A,D,A,D,A,D,SA,A
651557,30,True,A,SD,SA,SA,A,SA,SD,SA,A,D,SD,SA
838141,21,True,N,SD,N,SA,N,D,D,D,N,SD,D,A
377277,17,True,A,N,SA,SA,SD,N,A,D,D,SA,SA,D
151840,19,True,A,D,N,D,A,N,A,D,D,A,SD,A
598529,28,True,N,D,N,SD,A,SA,A,SA,N,SD,SD,D
396308,13,True,SA,SD,N,SA,SD,SD,N,D,SD,D,SA,D
945520,32,True,SD,N,N,D,SA,SD,SD,A,N,N,A,A
389989,23,True,D,SD,A,A,SA,SA,A,SD,SD,N,A,N
452844,18,True,D,N,D,D,N,A,A,SD,A,SA,SD,SD
104519,24,True,A,D,N,N,SA,SD,N,SA,SA,A,N,D
223135,27,True,SD,N,SA,SA,D,A,A,SA,A,A,SA,SD
108468,22,True,N,D,N,N,D,N,A,SA,SD,N,N,A
358242,21,True,N,SA,SD,A,SA,SD,A,D,A,A,A,D
857898,25,True,SD,A,A,N,SD,D,SD,SD,SD,D,A,N
816357,35,True,SD,SA,SA,A,SA,A,D,N,N,SD,A,D
441604,24,True,SD,SD,SD,A,N,SA,D,D,N,D,SA,SD
758567,23,True,A,SD,SD,SD,A,A,N,A,N,SA,A,N
873230,29,True,SA,SA,D,SA,A,A,D,SA,N,D,SA,N
428280,22,True,SA,SA,SA,D,SD,SA,A,N,SD,D,SD,D
975998,24,True,SD,N,SD,D,A,SA,SA,D,SD,N,N,A
584753,30,True,A,N,SD,N,SA,A,SD,D,A,D,SA,A
953804,30,True,SD,A,A,SD,SA,SD,A,D,N,A,SA,A
106220,23,True,D,D,D,D,A,A,A,D,SA,SA,N,D
614874,25,True,SA,SD,D,SD,A,N,SD,A,D,A,SA,N
532456,30,True,A,N,SA,SD,N,A,SD,SA,A,SA,N,D
426602,23,True,A,SD,D,D,SD,SA,SA,A,SA,A,SA,N
641604,21,True,SA,D,SA,D,SD,SA,A,SD,A,A,SD,SA
329930,25,True,D,D,N,SD,A,N,D,N,D,A,D,N
986520,29,True,SA,SA,N,SD,SD,N,SD,SA,SA,SA,N,A
940855,19,True,D,A,SA,SA,A,SD,SA,A,SD,SA,N,D
351120,21,True,SA,A,SD,N,SD,N,SD,D,SA,N,D,N
675995,19,True,D,D,D,SD,N,SD,SA,A,SD,N,A,SD
800449,31,True,SA,SA,A,D,A,SA,SA,A,A,N,SA,N
332973,28,True,SA,N,SA,SD,SA,A,SD,D,SD,D,A,SD
410133,34,True,D,N,D,SD,SA,A,SD,N,N,A,SA,SA
629365,24,True,D,SA,SA,D,SD,SD,A,SA,SA,SA,D,SD
620962,25,True,A,N,A,D,D,SA,SA,SA,N,SA,D,SA
823141,15,True,SD,D,SA,A,D,N,SA,SD,D,A,SD,SD
936333,17,True,N,SA,A,N,SD,N,SA,SD,N,SA,SD,N
232441,26,True,A,SA,SA,A,A,SD,SA,N,N,SD,D,SA
997135,20,True,SD,SD,SD,N,SA,D,D,D,N,D,SD,SD
175082,28,True,SD,D,SD,D,SD,SA,D,D,D,SD,SA,A
852922,23,True,SD,A,N,SD,A,D,SA,N,SD,A,D,N
842187,31,True,N,SA,SD,D,A,SA,SA,A,A,SD,D,SA
530646,26,True,SA,D,N,SD,SA,SD,N,SA,SA,D,N,SD
220815,32,True,N,D,N,D,A,SA,D,D,SA,D,N,SA
103795,26,True,N,SA,D,SD,N,N,A,SA,SD,N,A,D
134650,23,True,A,A,SD,SA,N,D,N,A,SA,D,SD,SA
773604,22,True,N,SA,D,A,A,N,SD,D,SD,SA,N,N
994999,27,True,N,N,SA,A,SA,D,D,SD,A,N,A,N
656679,23,True,A,SA,SA,SD,N,SD,N,SD,D,N,D,N
380812,19,True,N,SA,D,SA,N,N,A,SD,N,SA,N,A
575630,18,True,SA,A,A,D,D,D,A,D,SD,D,N,SD
256206,20,True,SD,D,N,N,SD,A,SD,SD,SD,N,D,D
967124,19,True,N,SA,D,SA,D,D,SA,N,SD,N,SA,N
442369,20,True,D,D,A,A,D,D,D,SD,D,SD,SD,N
688604,18,True,N,D,SA,SD,SD,SD,A,A,SD,A,D,D
590136,28,True,SD,A,A,N,N,SD,SD,SA,N,D,SD,D
245245,26,True,SD,SA,A,D,D,N,SA,SD,D,N,A,A
371809,25,True,SD,SD,D,D,A,SD,D,A,A,D,D,D
661400,34,True,SD,A,N,SD,A,SA,D,SA,SA,SA,SD,A
636343,28,True,D,SA,N,N,A,N,A,D,D,D,SA,N
553650,36,True,SD,A,N,D,N,SA,SD,SA,D,D,SA,N
845652,18,True,A,D,SD,A,D,N,SA,SA,D,SA,A,SA
481928,23,True,N,SA,A,D,SD,SA,SA,SD,SA,N,D,SD
639369,24,True,N,D,N,SD,SD,SA,SD,SA,N,A,SD,SD
918143,28,True,D,SD,A,D,SD,SA,N,N,SA,A,A,A
595867,23,True,A,D,D,N,N,A,N,N,A,A,A,N
293351,22,True,SD,N,SD,N,A,SA,D,D,D,SA,D,D
843422,28,True,D,D,D,A,N,SA,SA,SA,SA,D,SA,D
807503,20,True,A,N,D,SD,N,N,A,SA,D,A,SD,D
601838,23,True,D,A,N,D,D,SA,A,N,SD,A,D,N
118076,17,True,N,A,N,SA,D,A,SD,SD,D,SA,SD,D
326020,28,True,D,A,N,A,N,SA,D,D,SD,SD,SA,D
315472,27,True,A,D,N,SD,A,A,D,SA,SD,D,A,SD
972308,22,True,N,N,SD,N,A,D,SD,SA,D,N,SD,D
898276,25,True,D,SD,D,N,SA,N,A,SA,N,SA,A,A
558844,12,True,SA,A,SD,SA,N,SD,SA,N,N,SA,N,D
713637,19,True,SA,A,D,N,SD,N,D,A,D,D,SD,D
507500,22,True,A,N,N,A,D,D,A,SD,SA,N,A,SA
584304,20,True,D,N,N,SA,A,D,A,SD,D,SA,SA,A
787888,28,True,SD,N,A,D,D,D,N,N,D,SD,N,A
732646,17,True,A,N,N,SA,D,D,A,D,SA,SA,A,D
689162,28,True,A,SA,N,A,SD,SD,N,SA,N,SD,SA,SA
762639,30,True,D,SA,A,SD,N,A,A,A,SA,N,D,SD
721049,28,True,A,D,D,N,SA,D,SD,SA,D,SD,A,N
551505,24,True,SA,A,A,A,A,N,D,N,N,A,D,A
950755,23,True,SD,D,SA,A,N,SA,SA,N,A,A,D,SD
780979,23,True,N,D,SA,SA,SA,D,N,D,A,N,A,SD
283707,19,True,N,SA,N,N,D,D,SA,A,D,A,N,SD
616166,29,True,A,A,A,N,N,SA,A,N,SA,N,N,A
777265,28,True,D,N,A,SA,A,SA,SD,N,D,SD,N,SD
291010,36,True,D,A,N,SD,A,N,SD,A,N,SD,SA,N
810024,32,True,D,D,SA,N,N,SA,SD,A,SD,D,SA,N
816906,24,True,SD,A,D,D,D,SD,N,A,SA,SA,D,N
542850,25,True,SD,SD,N,N,SD,SD,D,A,SA,SD,N,D
264176,16,True,SD,SD,SD,SA,N,A,A,D,N,SA,A,SD
938393,26,True,SA,D,N,N,SA,N,SD,SD,SA,SD,A,SD
831399,32,True,D,D,SA,N,SA,N,N,SA,SA,SD,D,D
656638,32,True,SD,SA,N,SA,D,SA,N,A,SA,SD,A,D
111405,25,True,D,D,D,SA,SD,SA,N,SA,SA,SA,A,A
874975,22,True,SD,D,A,D,SD,N,N,SD,D,A,N,A
728973,29,True,D,N,D,SD,SA,SD,A,SA,A,D,D,A
781910,30,True,SA,SA,N,D,SA,A,D,D,A,D,D,A
461465,23,True,A,SA,D,SD,SA,D,SA,SA,SA,SA,SD,SD
197521,19,True,SD,SA,SD,A,N,D,A,SD,A,SA,D,N
648641,24,True,N,D,SA,SD,SA,D,A,D,D,A,A,D
635106,22,True,A,SD,A,D,SA,D,D,A,N,A,SD,D
484709,17,True,SA,A,SD,D,A,N,A,SD,SA,SA,D,SD
246033,32,True,A,N,SA,SD,SA,SD,A,A,A,D,A,SA
208415,22,True,A,SD,A,N,D,N,SD,N,SD,D,A,D
400909,22,True,D,SD,SD,N,SD,SA,D,A,N,A,N,N
643446,13,True,SA,D,A,SD,A,N,SA,SD,SD,SA,SD,SD
795752,20,True,A,A,N,SA,SA,A,SA,N,D,SA,SD,SA
834127,28,True,A,N,SA,SD,N,D,SD,N,SD,SD,SA,SD
354356,32,True,D,A,SA,N,A,A,D,D,SD,N,SA,SA
686205,26,True,A,N,A,A,A,D,D,SA,A,D,N,SD
818713,19,True,D,SD,D,A,SD,N,SA,SA,D,SD,D,N
769742,25,True,A,SA,N,N,A,N,SA,SA,SD,N,SA,D
682690,17,True,SA,D,A,SA,SA,SD,A,SD,SA,SA,A,D
823996,23,True,SD,SD,SD,N,SD,N,SD,A,A,D,N,SD
384653,23,True,SD,D,SD,D,SD,SD,SA,A,SA,N,A,A
521075,27,True,SA,SA,A,N,N,A,N,N,D,N,A,A
169116,25,True,SD,N,D,D,A,SD,D,N,A,SD,SD,SD
595092,19,True,D,N,SA,SA,D,N,D,D,D,SA,SD,N
656996,15,True,A,SD,D,D,SD,A,A,N,N,A,D,SD
566782,30,True,N,N,D,SA,SA,SA,SD,A,SA,D,SD,A
937001,24,True,SD,N,N,SA,A,A,D,SD,D,A,A,N
594723,14,True,SA,SD,SA,SA,A,A,N,SD,SD,SA,N,SD
984307,31,True,N,SD,D,SD,SA,N,D,SA,N,D,N,SA
297526,26,True,SD,N,A,A,D,SA,D,SA,D,A,D,D
662713,25,True,SA,D,N,D,N,SA,A,N,D,SD,A,N
375590,25,True,A,SA,SA,SA,SD,N,N,N,SA,A,N,A
976720,28,True,SD,SA,N,A,A,A,D,N,D,N,A,SD
833878,19,True,SD,D,SD,SA,D,D,SA,SA,SD,N,SA,N
488378,29,True,D,A,N,SD,D,N,SD,SD,N,SD,A,D
861858,30,True,D,A,SA,A,SA,A,D,SD,N,SD,N,D
440562,20,True,N,D,A,A,D,SD,D,A,N,A,D,N
448691,16,True,N,A,SD,SA,N,D,A,D,A,N,D,SD
486598,31,True,N,SA,SA,N,SD,A,D,A,SA,SA,SA,N
917094,29,True,D,SA,SA,N,N,D,A,SA,D,D,SD,SA
439330,31,True,N,N,SA,SD,A,SA,SA,A,N,D,SD,SA
972598,29,True,A,SD,SA,N,SD,N,SD,SA,SA,D,SA,D
188353,24,True,SA,A,A,SA,A,D,A,SA,SD,N,SA,A
351730,17,True,SA,N,N,SA,D,SD,N,SA,SA,A,SD,D
144102,19,True,SA,N,SD,D,N,N,SA,D,SD,D,N,SA
987761,28,True,SA,D,A,N,SA,N,D,A,SA,SD,N,SD
879042,17,True,SD,SD,N,SA,N,D,D,D,SD,A,N,D
546300,18,True,SD,D,D,N,N,D,N,SA,SD,SA,SD,D
534615,15,True,A,D,SD,SA,SD,SA,D,D,A,SA,SD,N
137161,19,True,A,N,D,N,SA,A,A,A,SD,N,SD,SD
956138,19,True,SA,SD,N,A,SA,SD,A,SA,D,N,SA,SD
438681,19,True,N,D,N,A,SA,D,A,SD,SD,D,SA,SD
598813,27,True,D,A,SD,SD,SD,SA,N,A,SD,A,A,SA
147067,21,True,N,N,A,SA,SD,D,SD,A,SA,A,D,SD
495735,29,True,SD,SD,SA,SA,A,SA,SA,SA,SA,N,D,A
758367,25,True,SD,A,SD,A,A,A,N,N,D,D,N,D
350056,25,True,D,N,D,SD,SD,A,SD,SA,D,SA,SD,A
680731,25,True,A,D,N,SD,N,D,SA,SA,N,SD,SD,SA
837505,23,True,A,A,A,SA,N,N,D,SD,A,N,D,A
731564,18,True,SA,N,SD,SD,N,A,N,SD,D,N,D,D
868024,21,True,SA,A,SD,D,A,SA,N,D,N,N,D,SD
372836,26,True,A,D,SA,N,A,D,A,SA,A,D,D,N
332247,27,True,A,SA,D,N,A,N,SA,SA,N,A,SA,A
396112,19,True,D,SD,SD,A,SD,SD,N,N,SA,N,A,N
274177,26,True,SA,SA,SD,SD,A,A,A,A,A,N,SD,A
600463,27,True,A,N,A,SD,SD,N,SD,N,SD,SD,D,SA
498956,19,True,N,SD,SA,A,D,N,SA,D,D,D,A,D
764091,20,True,D,N,SA,A,N,SD,SA,SA,A,A,SD,SD
824960,27,True,A,N,D,A,A,A,SD,SD,A,SD,D,SA
269392,22,True,N,SA,N,N,A,N,SA,SD,A,SA,SD,SA
724567,22,True,SA,D,SA,A,SA,SD,SD,N,N,A,SD,A
315954,20,True,SA,SA,SD,D,SA,N,A,D,SD,SA,N,A
971451,22,True,SD,A,SA,A,N,SD,A,SA,SD,A,N,SD
976496,28,True,N,A,A,SA,SA,N,SD,SD,N,SD,SD,SA
722429,22,True,SA,SD,SD,SA,A,SA,D,SA,N,D,D,N
376326,30,True,SD,SA,A,D,SD,N,SD,D,N,SA,A,SA
689489,25,True,D,N,N,A,N,A,SD,SD,N,N,N,N
320456,34,True,SD,D,SA,D,A,SA,SD,A,SD,N,N,SA
265982,27,True,D,SA,D,SA,A,A,SD,D,A,D,D,D
190697,22,True,A,D,SA,A,SA,A,A,D,SD,N,D,A
224299,23,True,SA,N,SD,N,D,D,SD,D,D,SD,SA,A
647940,23,True,SD,A,A,SA,SD,D,A,A,N,SD,D,D
205626,22,True,N,SA,A,SA,SD,A,D,N,A,SA,D,D
319865,19,True,SA,SA,SD,A,SD,SD,N,A,A,A,N,A
904783,25,True,SD,SA,N,SA,D,SA,D,SD,N,SA,D,SA
886699,28,True,D,SD,D,SD,N,SA,A,N,N,SD,A,N
844768,24,True,SA,SA,SA,D,SD,SA,SA,N,N,N,N,D
848561,25,True,N,SA,SD,N,SD,N,SD,SA,SD,D,SD,SA
350084,19,True,A,N,SD,SD,SA,SD,SA,SD,D,D,SD,SA
784160,33,True,SD,SA,SA,SD,SA,N,A,D,N,N,N,A
843930,16,True,SA,SA,N,N,SD,N,SA,D,D,SD,SD,SD
179186,29,True,SA,N,SA,D,SA,A,SD,SD,A,A,SA,D
598807,30,True,D,D,A,SA,D,SA,D,SA,D,D,A,SA
448396,27,True,SA,SA,A,D,D,A,N,SD,SA,D,SA,SD
779120,27,True,N,D,D,SD,N,SA,N,N,A,A,SA,D
164636,22,True,D,SA,N,N,N,N,SA,A,N,N,SD,SD
676209,29,True,A,N,N,D,SD,A,SD,N,SA,D,A,N
918515,24,True,D,A,N,SA,A,D,SD,N,N,A,A,SD
628922,28,True,N,A,A,A,A,A,SD,N,SA,SA,D,N
419965,21,True,A,A,SA,SD,SD,SD,SA,SA,N,SA,N,D
350109,33,True,D,N,SA,SD,SA,D,D,SD,A,D,N,SA
672103,18,True,SA,N,D,SA,A,D,SD,N,D,SA,SD,SA
685851,20,True,A,SD,A,SA,SA,N,SD,D,D,A,SD,A
919689,21,True,N,SD,N,N,D,D,N,D,N,A,A,SA
707285,25,True,SA,SD,N,SD,D,N,D,SA,SA,SA,SA,D
785100,26,True,A,N,A,A,SA,D,SD,SD,N,N,A,A
182984,24,True,SD,D,A,SD,N,D,SA,SA,SD,SA,D,SA
667156,32,True,SD,N,A,A,A,D,SD,A,SA,SD,A,SD
189548,29,True,SD,SA,SA,SD,SD,SD,A,SA,A,A,A,D
385326,24,True,SA,A,A,SA,A,A,N,SA,D,D,N,SD
969801,28,True,N,A,A,D,N,A,SA,N,D,SD,N,A
228801,17,True,A,A,SD,SA,SD,A,N,SD,A,N,SD,A
840623,24,True,N,D,SA,A,N,SA,SA,N,SD,N,SA,N
440033,27,True,D,N,N,SD,D,A,D,SD,A,SA,A,A
686773,21,True,SA,SA,D,SD,D,D,SA,A,D,D,D,N
723050,33,True,D,A,SA,D,N,A,A,SA,SA,SA,N,SA
540525,24,True,SD,SA,D,SA,N,N,D,SD,A,A,SA,SD
412473,25,True,SA,SD,A,D,SA,SA,N,D,D,D,N,N
129718,22,True,N,D,N,D,D,SD,D,N,D,D,SD,SA
929961,24,True,N,A,SA,A,SA,D,A,D,N,D,SD,N
151722,19,True,A,SD,SD,A,D,D,SD,SA,N,D,D,D
536378,15,True,SD,SD,SD,SA,A,N,SA,D,N,A,D,D
727927,27,True,SD,A,SA,SA,SA,SD,SA,SD,SA,D,SA,D
334135,28,True,D,N,N,D,A,SA,SD,SD,D,SA,SA,N
582625,23,True,A,D,D,D,A,D,N,N,A,A,A,N
305329,22,True,SA,SD,SA,A,D,SA,N,SD,A,SD,SD,A
597586,26,True,N,SD,SA,SD,SA,N,SA,SA,D,N,A,SD
309955,26,True,D,A,D,SD,N,D,A,SD,A,SD,SA,SD
249248,23,True,N,A,D,SD,D,N,A,D,A,D,N,SD
827538,26,True,N,A,A,D,SD,SA,SA,A,SD,SD,D,A
297553,21,True,N,SD,SD,A,N,SA,A,SA,N,SA,D,SA
817234,27,True,D,A,N,N,SD,SA,D,A,SA,SA,N,D
635310,24,True,A,A,SA,SA,N,N,A,SA,D,SA,SA,N
791799,18,True,SA,SD,N,N,SA,SD,D,D,D,SD,D,SD
259600,14,True,SA,SD,A,SA,A,N,N,SD,D,N,D,SD
210174,27,True,A,D,N,N,N,A,SD,A,SA,A,D,A
137450,28,True,N,SA,A,A,N,SD,D,SA,SD,SD,SA,D
289984,27,True,SD,N,D,A,SD,N,SA,SA,N,SD,SA,A
395772,18,True,D,D,N,SA,A,N,SA,SA,SD,N,D,SD
479726,26,True,N,D,SA,D,D,N,D,D,SD,D,N,SA
914128,20,True,D,D,N,N,D,SD,SA,D,N,D,D,SA
722056,26,True,D,SA,SA,N,N,SD,A,SA,A,A,N,SD
526496,18,True,A,SA,D,A,SD,SD,SD,D,SD,SA,N,SA
134500,20,True,SD,SD,D,A,N,N,N,N,SD,D,A,SD
357643,27,True,SA,D,N,SA,SA,SA,SD,D,SA,SA,A,SA
195157,27,True,SD,SD,A,D,A,D,SA,N,N,D,SA,N
337683,25,True,N,D,D,A,A,D,D,A,SD,SD,A,A
577452,28,True,SD,SD,A,D,SD,SA,SD,N,D,D,D,A
194398,25,True,N,A,D,A,D,N,N,N,D,SD,A,A
725855,19,True,SA,SD,A,A,D,SA,SA,A,SD,SD,D,N
189118,31,True,SD,N,N,SD,SA,N,SA,A,SA,N,SD,SA
444962,22,True,D,A,SD,SA,A,N,N,D,N,SA,A,A
432606,22,True,SD,N,SA,SA,SD,N,A,SD,SD,SD,N,A
553266,24,True,D,N,N,A,SA,D,A,D,N,N,N,A
634127,13,True,A,SD,SD,A,N,SD,A,SA,D,N,SD,D
523143,21,True,A,D,D,D,SD,A,SD,SA,D,SA,D,N
392526,25,True,N,A,SD,N,A,SD,SD,A,SA,D,D,SD
800892,21,True,SA,D,N,SD,A,N,SA,SA,SD,SD,SD,D
504072,18,True,SD,D,D,N,A,SD,SA,SD,D,SA,SA,N
407121,18,True,SA,N,SD,SA,A,A,N,N,D,A,A,D
510342,28,True,D,D,SA,D,SD,N,SD,SD,D,D,SA,A
492143,30,True,SA,SA,N,SD,N,SA,SA,N,A,D,N,SA
973158,31,True,A,SA,D,D,A,SA,SD,N,A,A,A,N
970047,23,True,N,SA,SD,A,N,A,A,SD,N,N,SA,N
914107,17,True,D,N,N,SA,N,D,A,SD,SD,SA,A,A
756298,29,True,SD,A,SD,D,SD,SA,SD,N,D,N,N,SA
127350,20,True,A,A,A,D,N,SA,N,SD,SD,N,SD,SD
712737,18,True,SA,SD,SD,N,N,A,N,D,D,SD,A,SD
714926,25,True,SD,SD,N,D,SD,N,SA,A,N,SD,N,A
537456,24,True,SA,SA,SA,D,N,D,D,N,D,D,SD,D
971492,24,True,A,D,N,N,SD,A,D,A,D,N,SA,N
109056,21,True,A,D,SD,SA,SA,SD,SD,A,A,SA,N,A
550973,25,True,SA,SA,SA,D,A,SA,SD,D,D,SA,SD,D
533905,18,True,A,D,D,A,A,D,SA,SA,SD,N,A,D
533576,18,True,N,SD,SA,SA,SA,D,A,N,N,A,SD,D
906965,23,True,D,SD,SD,SA,N,SA,SA,N,SA,SD,SA,SD
358946,23,True,N,SA,SD,A,N,SD,D,N,SD,N,SA,A
371650,30,True,D,A,SA,SA,A,SD,SD,SD,A,SD,SA,N
757631,23,True,A,SA,SA,SA,N,D,A,SA,N,N,N,SD
300078,16,True,N,D,SD,A,SD,D,A,SD,D,A,SA,SA
252187,14,True,A,D,SD,SA,SD,N,A,N,D,SD,N,SD
277808,21,True,D,A,A,SA,D,SD,D,A,D,SD,SD,SD
187156,17,True,SD,SD,A,SA,N,N,N,SD,SD,A,SD,A
764693,27,True,A,SA,SA,N,N,SD,D,N,SA,A,D,A
422997,20,True,SD,SD,SA,SA,A,SD,N,SD,D,SD,D,D
827634,24,True,A,SA,SD,SA,SD,A,N,SA,SD,SD,N,SA
739219,15,True,A,SD,D,D,SA,SD,A,D,D,A,N,SD
727483,17,True,SD,SA,D,A,SD,N,SA,D,SD,N,SD,N
935848,25,True,SD,D,N,A,A,D,SA,SA,D,D,A,N
740408,30,True,SA,N,SA,D,D,A,D,SA,SA,SD,SD,N
643153,34,True,SD,N,A,D,SA,N,SD,SD,A,SD,D,SA
203891,23,True,N,N,A,SA,SD,SD,SA,SA,SA,SA,SA,SA
141743,23,True,N,D,SA,N,SD,D,D,SA,N,N,SD,N
250656,23,True,D,N,D,SA,SA,D,A,SA,N,A,A,D
697440,24,True,D,A,N,N,N,SA,A,A,SD,A,D,N
275920,23,True,SD,SA,SD,SD,SD,D,A,D,SD,N,SA,N
744049,25,True,A,N,SA,SD,D,N,SA,SA,A,A,SD,A
949695,29,True,A,SA,SA,SD,A,A,SA,SD,N,SA,SA,SA
979240,26,True,SA,N,SA,SA,A,SA,N,SA,A,SA,SA,SD
548339,25,True,SD,SA,N,SD,SD,A,N,D,D,SA,N,N
411785,23,True,SA,SD,N,N,D,N,D,A,SA,N,N,N
466615,21,True,D,A,N,A,SA,D,A,D,A,SA,SD,N
989683,25,True,A,SD,N,D,A,D,D,SA,SD,SD,SA,SD
666266,22,True,D,SD,N,D,A,SD,SA,A,SA,SA,SA,SD
229233,20,True,SA,D,SD,N,D,SA,D,N,SD,SD,SD,A
328436,26,True,A,SD,SA,SD,SD,N,A,N,D,SD,A,SA
863859,32,True,SD,N,SA,D,D,SA,D,A,D,D,SD,SA
248524,17,True,SD,SD,SD,SD,A,N,SA,SD,SD,A,SD,A
325707,30,True,SA,A,A,SD,SA,N,N,N,D,N,A,SA
499199,23,True,SA,D,SA,A,A,SD,SD,D,D,N,N,SA
973833,23,True,N,SA,N,A,A,N,A,A,N,N,SD,D
772257,24,True,A,D,SA,SA,SA,SA,A,D,SA,SA,D,A
718392,24,True,N,SD,D,D,SA,A,N,SD,N,D,SD,SA
974462,35,True,N,A,SA,N,SD,SA,SD,SA,A,SD,N,A
430970,22,True,SA,A,A,N,N,SD,A,N,N,A,A,A
396000,21,True,D,SA,D,SA,SD,N,SA,N,N,SD,N,D
517863,22,True,SD,SD,N,N,SA,D,A,SA,N,SA,SD,N
919520,33,True,D,SA,A,SA,N,SA,N,A,A,N,A,SA
907132,27,True,D,D,SA,D,SA,SD,N,SD,SA,N,N,N
551762,24,True,N,D,SD,SA,SA,SA,SD,A,A,A,D,D
588106,22,True,SD,D,D,SA,SD,N,D,A,A,N,D,N
672998,30,True,A,N,D,N,SA,D,SD,A,D,SD,SA,A
320197,29,True,SD,D,SA,A,SA,SA,A,D,N,D,D,A
731880,23,True,A,A,A,SD,D,SD,A,A,A,SA,SA,SD
937730,17,True,N,N,SD,N,N,D,SA,N,D,D,D,D
981738,26,True,SD,D,D,D,N,N,N,SA,SA,D,SD,SD
188899,24,True,SA,D,SA,N,A,N,A,N,SA,SA,SA,D
332556,14,True,D,SD,N,N,N,D,A,SD,SD,N,D,SD
981218,20,True,D,SD,SA,N,N,N,A,D,N,SA,SD,A
185960,17,True,SA,N,SD,A,SD,N,SA,N,D,D,N,SA
561843,23,True,D,D,D,N,SD,D,SD,SA,N,D,D,D
557547,25,True,SA,N,D,SD,N,A,N,N,A,SD,SD,N
852075,26,True,A,A,A,SA,D,A,A,N,N,N,SA,SA
345087,17,True,N,SD,D,SA,SD,SA,SD,A,SD,A,N,SD
825103,15,True,A,N,SD,A,A,SD,SD,D,D,SA,N,SD
695396,24,True,D,N,N,A,SD,SA,D,SD,SD,D,SA,N
218141,26,True,SA,N,A,D,SA,A,A,N,D,A,A,A
559988,28,True,A,SA,N,D,D,A,A,A,N,SD,D,A
835654,26,True,D,A,SA,N,N,D,SA,N,D,SD,D,A
645099,20,True,SA,SD,SD,SD,N,D,SD,D,SA,A,A,SD
570908,29,True,SA,A,SD,SD,N,D,SD,SD,SA,SD,A,SA
537117,24,True,D,SA,N,D,SD,D,D,SA,SD,A,SD,A
738111,27,True,SD,A,D,SD,A,D,N,D,SD,D,D,SA
578580,29,True,SD,D,N,A,A,A,SD,SA,A,A,D,N
820375,27,True,N,SD,D,D,N,SA,SD,A,N,D,D,N
760252,24,True,SA,D,N,SD,A,SD,SA,SA,SA,D,SD,A
441419,22,True,SA,SD,SD,D,D,N,SD,SA,A,D,D,D
774506,19,True,A,A,SD,SD,SA,SD,N,SD,D,D,SD,D
848595,23,True,N,D,SA,SA,D,A,N,N,SA,SD,SD,SD
894585,21,True,SA,A,SA,N,N,D,D,SD,N,SA,N,N
924766,25,True,A,A,D,SA,SA,SD,SD,SD,SA,N,N,SA
626753,24,True,N,D,A,D,D,N,SA,A,A,N,SA,SD
485394,22,True,SD,N,D,A,A,SA,SA,N,N,N,D,SD
442213,23,True,A,A,N,D,SD,A,SA,SA,SD,D,N,N
190968,21,True,A,SD,D,D,SA,SD,N,D,A,N,SD,SA
506679,36,True,SA,SA,SA,D,SA,SA,SD,A,SA,D,N,D
509018,16,True,SA,D,SD,SD,SD,SA,A,D,N,SA,D,N
921795,33,True,SA,D,A,D,A,A,SD,SA,A,N,SA,A
904643,29,True,N,SA,A,SD,SA,SD,A,N,N,D,A,D
619560,16,True,SA,SD,SD,D,A,D,SA,N,D,SA,N,SA
614970,23,True,SD,N,D,SA,A,N,N,SD,A,A,SA,D
629767,20,True,SD,D,D,A,SD,SD,D,A,D,D,D,N
266505,18,True,D,SD,A,A,D,N,A,SD,D,A,SA,D
456156,27,True,D,D,D,SA,A,N,A,SA,N,SD,SA,N
609729,29,True,N,A,D,SD,A,N,A,N,SA,D,A,D
616097,25,True,SD,SA,A,D,N,SD,D,SD,SA,A,D,SD
251880,34,True,D,N,A,N,SA,SA,SD,SA,SA,SA,A,D
524250,24,True,A,SA,D,A,D,N,SA,A,SA,D,SA,SD
787383,19,True,N,SD,A,A,N,D,N,N,N,SA,A,D
271159,21,True,A,A,SD,SD,D,SD,D,N,SD,SA,SA,A
301623,23,True,SD,SA,SA,SA,N,D,N,SD,SD,D,SD,A
758696,23,True,A,SA,N,SA,N,A,SA,SD,A,N,SA,N
948629,18,True,SD,SD,D,N,SD,D,SA,D,SA,A,A,D
668878,16,True,N,SD,SA,SA,N,D,SA,D,SD,D,A,SD
555287,28,True,N,D,SA,SD,N,A,N,N,D,N,A,N
330137,19,True,D,SD,SA,SA,N,N,A,D,D,SD,D,SD
396341,22,True,D,SD,A,SA,A,SD,SD,N,D,D,A,SD
105796,25,True,SD,SD,SA,SD,N,A,SD,SD,SD,D,D,SD
928822,23,True,A,SD,SA,SD,SA,N,N,A,D,A,SD,D
578622,18,True,A,SD,N,A,SA,SD,A,D,A,SA,N,A
969339,25,True,A,D,A,N,N,N,D,SA,A,A,SD,A
581458,19,True,D,SA,SD,SD,N,N,SA,SD,SD,A,A,SD
992579,27,True,SD,D,SA,D,D,SD,N,A,D,A,A,SA
963730,27,True,SD,D,N,N,D,A,N,SD,A,D,N,SA
280255,19,True,A,N,D,SA,N,D,A,SD,D,N,SA,SA
779424,22,True,SA,N,N,D,SA,N,SA,D,SA,N,D,D
706041,29,True,D,SD,A,N,D,SA,SD,N,A,D,SA,SD
193811,25,True,SD,A,A,A,SD,D,D,N,A,D,N,SD
315026,22,True,SA,N,N,SD,A,SD,A,SA,SD,N,N,N
291811,30,True,SA,SA,A,SD,SA,D,A,A,N,SD,SD,SA
783533,21,True,A,N,D,A,A,N,SA,SA,N,SA,A,N
708640,17,True,D,SD,D,A,A,D,D,SD,D,N,SD,N
719730,31,True,SD,D,A,SD,D,SD,D,A,SA,SD,D,A
345476,26,True,SD,D,A,SD,D,A,SA,SA,N,A,A,SD
667384,28,True,D,A,D,D,N,D,SD,A,D,N,SA,D
721630,19,True,N,SA,SD,SA,N,D,D,D,N,SA,N,N
890805,25,True,N,D,SA,SA,SD,A,SA,SA,SA,SD,N,D
112317,26,True,A,N,SD,N,SA,A,A,N,N,SD,N,A
700902,24,True,SD,D,SD,N,N,N,N,A,N,SA,A,A
290334,19,True,A,N,D,SA,N,A,SA,SA,SD,SD,SD,N
171024,25,True,SA,N,N,D,SD,N,SD,SA,N,N,SA,SD
506018,30,True,SD,SD,N,A,SA,D,SD,SA,SA,SD,N,SD
597052,21,True,N,SD,SD,A,N,D,N,A,A,A,N,SA
492381,17,True,SA,D,A,A,A,N,A,N,SD,A,SD,A
908643,27,True,SA,A,A,SA,SA,SA,SD,D,SA,SD,SD,SD
470170,25,True,A,D,D,A,SA,N,N,A,A,D,D,A
905981,23,True,N,D,SD,A,SA,SD,A,D,A,D,SA,A
141101,19,True,SA,N,N,A,N,N,D,SD,A,A,A,SD
667244,15,True,D,D,A,SA,D,N,SA,SD,D,SA,N,N
239946,21,True,SA,SA,SD,N,D,SD,D,N,D,SD,D,A
942223,21,True,N,D,A,SA,A,SD,SA,D,N,D,SA,N
550233,14,True,A,A,A,SA,SD,SD,SA,D,D,N,N,D
213955,24,True,D,SD,N,A,SA,A,SA,SA,D,A,A,N
896463,22,True,SA,SD,A,N,SD,SA,SD,SA,D,A,D,N
580264,24,True,SA,SD,N,SD,SA,SD,D,SA,D,A,A,N
820285,20,True,SA,D,N,N,SD,D,SD,N,N,SA,N,SA
990682,30,True,D,SA,D,N,A,A,D,N,D,N,A,A
139101,25,True,SA,A,A,D,N,D,N,N,N,D,N,N
556170,22,True,SD,N,D,SA,A,N,A,D,A,N,N,D
427712,18,True,SA,SD,D,SD,SD,A,SD,D,A,A,D,SD
692576,23,True,SA,A,D,N,A,SA,D,N,SD,D,D,D
850268,20,True,SD,N,N,SA,D,A,SA,D,D,SD,D,D
270110,22,True,D,D,A,SA,D,A,N,A,D,SD,D,SD
239305,20,True,SA,SA,SA,D,SD,SD,SA,SD,N,A,SA,N
624369,25,True,A,SD,SD,D,SD,SA,SD,A,SA,D,A,SD
155955,25,True,SD,D,N,D,D,SA,N,A,SD,SA,D,SA
211635,22,True,D,SA,SD,SA,N,SD,A,SA,SA,SD,SD,SD
803134,29,True,SA,SA,D,SD,SA,N,SD,D,A,N,D,A
315641,27,True,N,SA,SD,D,A,SA,A,N,D,D,SA,SD
842117,25,True,SD,SA,SA,A,D,N,A,D,A,SD,SD,SD
517443,22,True,D,D,D,A,N,D,SD,SD,SA,SD,D,SD
993524,23,True,N,D,A,SA,D,A,A,SA,A,A,SD,SA
848563,24,True,N,A,SD,A,A,A,A,A,SA,D,SD,D
873188,32,True,SD,A,SA,D,A,N,A,A,SA,A,N,N
345533,22,True,N,N,D,A,A,N,SA,A,A,D,SD,N
378128,31,True,N,D,SA,N,A,A,A,N,SA,A,SA,SA
447847,17,True,N,SD,N,D,A,D,A,D,A,A,SD,SD
113866,23,True,SD,N,N,N,N,SD,A,SA,SD,D,N,D
155396,12,True,A,N,SD,D,D,D,SA,D,N,SA,SD,D
839937,24,True,D,A,SA,A,SA,SD,A,A,N,SA,N,D
667830,24,True,SD,D,D,D,SA,SA,SD,SD,N,SA,SD,D
253892,18,True,SD,N,SD,A,A,SD,A,N,SD,A,D,A
891227,24,True,SD,A,SD,SD,D,A,SA,N,A,SA,D,A
866218,25,True,N,D,A,D,A,A,SD,SD,D,SD,SD,D
349889,24,True,N,SD,SA,SA,SA,SA,D,SD,A,A,SD,A
910465,31,True,SD,A,SA,N,SA,SA,A,SA,D,D,D,SD
295989,31,True,SD,D,SA,A,SA,SA,SD,D,N,SD,D,D
153424,21,True,A,A,A,N,D,D,SA,D,N,SA,SA,A
463309,15,True,A,SD,SD,N,SD,D,SD,SD,A,N,N,SD
708306,21,True,SA,D,A,SD,SA,D,SD,A,SD,SA,D,SD
627095,14,True,SA,D,N,A,SD,N,N,SD,N,A,N,D
522452,14,True,A,SA,N,N,D,N,SA,D,SD,A,SD,SD
785194,19,True,SA,SA,SD,N,SD,D,SA,A,SD,D,N,SA
417174,23,True,SD,SD,SA,A,N,SD,A,SA,N,A,D,A
974481,19,True,A,N,D,A,N,A,SA,D,SD,D,D,SA
978097,24,True,SA,D,N,N,SA,D,D,A,SD,SD,N,N
693693,22,True,D,SA,SD,A,SD,N,D,SD,A,SA,N,SA
668656,23,True,SA,N,D,D,A,N,N,SA,D,D,SD,N
393297,37,True,A,A,N,A,SA,A,SD,SA,A,SD,SA,SA
769027,19,True,A,A,A,A,SD,N,N,A,D,A,SD,N
166789,26,True,N,A,N,SD,N,SA,SD,D,SD,A,N,D
780784,15,True,SA,N,SD,D,N,A,SA,N,D,A,SD,D
671935,27,True,SD,SD,SA,SD,A,A,SA,SA,D,A,SD,A
738543,28,True,SD,N,SD,D,N,SD,SD,SA,A,N,SA,SD
208128,30,True,N,A,SD,SD,SD,N,SD,A,N,SD,SA,N
629101,27,True,A,N,D,D,A,N,D,D,A,D,N,A
826196,19,True,A,SD,SA,A,SA,D,N,D,SA,A,SD,SD
721303,29,True,N,N,SA,N,SD,SD,D,SA,SA,A,SA,A
904036,24,True,SD,SA,D,D,SD,N,A,N,SD,SD,N,D
408024,24,True,SD,SD,SD,D,SD,D,SD,A,D,SD,N,N
330378,23,True,D,D,N,D,A,D,A,N,A,A,D,N
224005,24,True,N,N,N,A,A,A,SD,SD,SA,A,N,SD
120711,27,True,A,A,D,SD,A,SA,SD,A,SD,D,D,SD
868570,23,True,N,N,A,SD,SD,D,SA,A,SD,D,A,N
158096,16,True,D,A,D,SA,SA,SD,SA,SD,SD,A,D,A
404920,27,True,A,SD,D,N,SA,SA,SD,SD,A,SD,A,D
924128,21,True,A,D,SD,N,D,SA,D,SA,N,N,D,SD
599206,30,True,D,A,N,SD,SD,SA,D,A,D,N,A,N
861019,22,True,N,SD,N,SA,SD,D,D,A,N,SD,SA,D
136133,30,True,SA,A,D,SD,SA,SA,A,N,A,SA,SA,SA
557075,28,True,N,SD,SD,D,N,A,D,D,SA,N,SA,SA
526809,27,True,SD,A,D,SA,A,D,D,D,N,SD,SA,D
485177,25,True,N,SD,N,SA,A,D,N,D,SA,N,SA,SA
620650,23,True,SA,SD,SA,SD,D,SD,SA,N,SA,N,SA,N
465614,27,True,SD,D,SA,SA,A,D,D,N,SA,SA,SA,D
629935,21,True,A,D,SD,SA,D,N,SD,SA,SD,D,N,A
302997,17,True,SA,SD,N,N,N,N,SA,SA,SD,SA,N,A
468479,17,True,N,SD,N,N,D,D,N,SD,N,D,N,SD
973795,18,True,D,SD,D,A,A,A,A,SA,SD,SA,SD,N
396062,26,True,SD,SD,A,D,N,A,N,D,SA,A,D,N
475659,30,True,A,A,SA,D,A,N,N,A,D,D,A,N
495854,21,True,SA,D,SD,SD,SA,N,N,N,A,SA,A,SD
534163,19,True,A,SD,D,D,SD,A,A,A,SD,N,N,A
792383,28,True,SA,D,D,D,SD,A,N,SA,A,SD,A,SA
917869,33,True,A,N,D,D,SA,D,SD,D,SA,SD,SA,SA
843899,20,True,A,N,D,N,A,SD,SA,N,D,N,N,SA
123045,20,True,SA,N,SA,A,N,SD,D,N,SD,A,A,N
106666,26,True,D,N,SD,A,N,A,SD,D,D,N,A,SA
992797,27,True,A,D,D,SD,A,SA,SA,D,N,N,SA,SA
236937,28,True,SD,A,N,SA,SA,SA,SA,A,SA,A,N,D
460059,16,True,SD,SD,SA,N,SD,SD,A,SD,SD,D,D,D
770284,31,True,SA,A,A,A,A,A,SD,A,SA,A,SA,N
789452,26,True,D,D,N,SD,SD,SA,A,A,N,SA,A,A
554684,19,True,D,SD,SA,A,A,SD,D,N,SD,SA,SD,A
361655,35,True,D,SA,SA,SD,A,SD,N,SA,A,SD,D,A
793161,28,True,D,D,A,N,A,SD,N,D,SA,SD,N,A
324172,19,True,D,SA,A,SD,SD,SD,SA,SD,SD,N,A,SD
131211,25,True,SA,SA,SD,SD,N,SA,SA,SA,D,D,D,N
636413,26,True,A,A,A,A,D,N,D,SD,SA,N,SA,N
254801,26,True,N,SA,SD,N,SA,SA,SA,SA,N,SA,A,D
375864,20,True,N,D,D,D,N,N,SA,D,SA,N,SD,N
161323,23,True,A,A,SD,D,SD,SA,N,SD,A,N,D,SA
119026,21,True,SD,SA,SA,A,SD,SD,N,SD,N,SA,SA,SD
807314,23,True,N,SD,SA,N,A,D,A,A,SA,N,D,SD
460979,18,True,SD,N,D,SA,SD,N,A,D,SD,D,A,D
939123,12,True,SA,N,SD,A,D,N,SA,SD,D,A,SD,SA
694467,25,True,SD,N,N,SD,SA,SD,D,SD,SD,SD,D,D
200668,25,True,A,D,N,A,SA,N,SA,N,A,D,N,SA
167133,22,True,D,N,SD,N,SD,D,A,N,N,D,N,SA
754661,21,True,SD,D,SD,A,SA,N,A,A,SD,D,SD,N
257380,25,True,SD,SD,SA,SD,SD,N,A,SA,D,A,N,N
812700,21,True,D,SD,SD,SA,N,N,A,N,A,D,SA,D
704103,22,True,D,D,A,SA,N,SA,SA,N,SD,SD,A,SD
567895,29,True,A,A,SA,A,N,SA,D,D,D,N,A,SA
664879,26,True,D,SD,A,A,A,SA,A,A,D,SD,A,SD
179859,25,True,D,SA,N,SA,N,N,A,A,A,A,SA,SD
834719,24,True,SD,SA,SD,A,D,D,D,SD,A,SA,SA,A
851114,23,True,N,SA,D,D,D,D,N,SD,SA,A,N,N
794198,21,True,SA,N,A,A,A,SA,N,N,N,SA,N,SD
369640,25,True,A,N,SA,N,A,SA,N,D,SA,N,SD,SD
564655,34,True,SD,SA,A,SD,SA,A,D,D,SD,D,SA,D
308163,20,True,SA,D,SD,D,D,A,D,SD,SD,SD,A,N
226101,27,True,A,D,SA,SD,A,D,D,A,N,D,SD,N
371996,29,True,SD,D,SA,A,N,SA,N,D,N,SD,SA,SD
892851,19,True,SA,SD,SD,N,D,A,SD,SD,D,D,D,SA
927432,31,True,SA,D,SA,SA,SA,SA,A,A,SA,N,SA,SA
655594,18,True,SA,SD,N,N,N,D,A,SA,SD,A,A,N
678092,27,True,SD,SA,A,N,N,SD,A,N,SD,D,A,A
969235,32,True,A,N,N,D,N,SA,D,D,SA,N,SA,SA
260648,23,True,D,D,A,SA,SD,N,N,SD,A,SD,SA,D
763104,25,True,SA,SD,A,SD,SD,N,SD,SA,D,N,N,A
919550,29,True,D,N,SA,A,SD,A,A,N,N,SD,A,SA
709469,27,True,D,SD,D,N,SA,SA,D,N,A,D,D,D
907811,20,True,SA,A,SD,N,SA,A,SA,N,N,D,D,SD
286194,28,True,D,A,N,N,A,D,SD,A,D,A,N,A
680999,16,True,D,SD,N,A,N,D,A,SD,SD,D,A,SD
654974,26,True,D,SD,N,SD,SA,D,SD,N,N,N,SD,N
766072,19,True,N,N,SA,D,SD,D,N,N,N,SA,SD,D
622651,28,True,D,A,A,SD,D,SA,N,SD,A,A,A,D
636560,27,True,D,SA,N,SD,A,A,A,SD,SA,N,SD,D
428222,24,True,SA,N,A,SD,SD,SD,SD,SD,D,SD,N,SA
854397,17,True,SA,N,N,SA,D,A,SA,N,A,SA,D,A
241765,12,True,SA,SD,A,N,SD,SD,SA,SA,N,SA,D,SD
619240,33,True,SD,N,SA,N,D,SA,N,D,SA,D,SA,N
884888,32,True,SD,SA,SD,SD,SD,N,D,A,SA,SD,A,D
378633,28,True,A,SD,SA,N,A,SA,A,N,N,SD,A,N
329203,19,True,N,N,N,D,N,A,N,D,SD,SA,N,SD
913547,25,True,D,D,D,SD,D,SD,SD,D,SA,SA,SA,N
154071,20,True,D,SD,SD,SA,D,A,SD,SD,N,D,SA,SD
902060,30,True,D,SA,D,SD,A,N,A,SA,N,N,D,A
892315,26,True,D,N,D,D,SD,SA,D,SD,SA,SA,SA,N
558997,25,True,A,N,SA,A,A,SA,A,SD,D,A,SA,A
104956,29,True,SD,SA,N,SD,SA,D,A,D,SD,SD,D,A
426143,22,True,A,A,SD,D,N,SD,SD,A,D,A,SA,SD
118380,28,True,SD,D,A,D,SD,SA,SD,SD,N,SD,D,N
199781,20,True,D,A,N,SA,SA,SD,A,D,N,A,N,D
441705,31,True,SA,A,SA,D,A,SA,SA,N,A,N,SA,A
527444,26,True,SD,SD,D,SD,N,N,SA,SA,SA,D,N,SD
708947,26,True,A,SA,SD,SA,SA,N,D,SA,D,SD,N,D
747328,25,True,SA,SD,N,N,SA,SD,SD,N,D,N,SA,SA
378180,18,True,SD,SD,N,N,N,SD,D,SD,A,A,D,SD
515460,30,True,SD,SA,SA,SD,SA,SD,SA,D,SA,SA,D,SA
911958,24,True,SA,SA,A,SA,SD,D,N,D,D,SD,SA,SA
240501,30,True,N,SA,SA,A,N,N,SA,SD,SA,SD,A,SA
258577,33,True,A,A,SA,SD,A,A,D,SA,SA,SA,SA,SD
439905,19,True,A,SD,D,SA,N,N,A,SD,A,N,A,SA
777734,27,True,N,D,N,SD,SD,D,N,D,A,SD,A,SA
307924,31,True,SD,SA,SD,SA,A,SA,N,N,SD,SD,SA,SA
788604,27,True,D,A,SD,SA,SA,N,D,A,A,A,A,N
669145,26,True,N,A,A,SA,N,SD,SA,D,SA,SD,A,SA
988088,17,True,A,D,A,SA,SD,A,SD,D,SD,D,D,SD
180753,29,True,SA,N,A,D,N,D,D,D,A,SD,SA,A
170781,26,True,SD,SA,A,A,A,N,N,D,D,SA,N,A
827001,20,True,D,N,SD,SD,D,N,A,SD,N,SA,D,SA
448278,31,True,D,D,D,D,SA,D,D,SA,N,D,N,SA
230910,29,True,SD,SA,D,N,SA,SD,SD,SD,SA,A,A,N
937847,18,True,D,SA,A,A,D,SD,SD,D,SD,SA,SD,D
650935,23,True,SA,SD,SD,D,A,N,SD,A,A,SA,N,A
316392,24,True,SA,A,SA,SA,N,N,N,N,SA,SD,SD,D
584138,24,True,D,D,D,D,N,A,N,SA,D,D,D,SD
913129,20,True,SA,SD,N,N,SA,SD,A,SD,N,N,A,SA
377610,22,True,N,D,A,N,N,SA,SA,D,SD,D,N,N
161756,26,True,D,A,SD,D,SA,N,SA,N,N,N,SA,D
447632,24,True,A,A,A,D,SA,D,N,SD,A,SA,D,A
766397,22,True,D,SD,SD,A,SA,SD,D,SA,D,SA,N,SA
788314,28,True,SD,SA,A,SD,SA,SD,SA,D,A,A,SA,SD
953737,23,True,SA,D,A,D,N,N,SA,N,A,D,A,D
873355,31,True,D,SA,SA,A,SA,A,SD,N,D,SA,D,SA
208999,26,True,N,SD,SA,D,SA,SD,SD,N,D,D,SD,A
323957,20,True,SA,A,SD,N,SA,SA,A,SD,N,A,A,SD
643487,26,True,N,N,SA,N,A,SD,D,A,N,A,A,D
493024,20,True,D,A,SD,A,D,N,N,SD,SA,D,SD,D
529640,25,True,SD,D,SD,D,SA,N,N,D,A,D,D,D
929712,26,True,SD,A,A,SA,N,N,N,N,SA,A,D,N
973241,24,True,SD,D,SA,D,SD,SA,D,SD,SD,SA,SA,D
103331,29,True,SA,A,A,D,SD,D,SD,SA,SA,D,A,D
439496,25,True,D,N,SD,D,SD,SA,N,D,A,SA,SA,A
724405,20,True,A,SA,SD,SA,SD,A,SD,N,SD,SA,N,SA
642889,20,True,D,N,SA,SA,SA,A,A,SD,SD,SA,N,D
187031,28,True,N,A,A,SD,SD,D,SD,N,SD,SD,A,N
575490,18,True,A,SD,SD,SA,SA,SD,A,D,N,SD,A,N
461335,25,True,SA,A,SA,N,SA,D,N,A,SD,A,D,SA
778354,21,True,N,N,D,SA,SA,D,D,SA,D,N,D,SD
312983,24,True,SD,D,SA,N,SD,SA,A,SD,D,SA,A,SA
525129,28,True,SA,SD,N,SD,N,SA,A,SA,A,A,A,SA
696912,25,True,A,A,SD,SD,A,SA,SA,D,N,SD,N,D
430487,30,True,D,A,SA,SA,N,N,SD,SA,D,D,D,A
541134,27,True,SA,A,SD,SD,D,SA,D,A,A,D,N,D
260028,21,True,SD,A,D,N,SD,N,N,SD,SD,SD,SD,A
727838,29,True,SA,A,SA,D,A,A,N,N,D,SD,SD,SA
777566,23,True,N,A,SD,N,A,SA,N,D,SA,SA,D,D
614136,24,True,N,A,D,A,N,A,SA,SA,SD,A,A,SA
843205,35,True,D,N,A,SD,N,N,SD,A,SA,D,SA,D
831403,35,True,SA,SA,SA,SD,D,SA,N,A,SA,N,SA,A
853721,28,True,A,N,A,SD,SA,SA,A,N,N,SD,D,SD
939142,22,True,A,N,N,SD,D,SD,A,SD,D,SD,A,A
129424,17,True,N,N,SD,N,N,SA,SA,N,SD,A,N,SD
287186,27,True,N,N,N,A,N,N,N,N,N,D,A,SA
494601,30,True,D,SA,A,N,N,SA,A,A,A,SD,SD,D
915509,22,True,SA,SA,N,N,N,A,SA,SD,SA,A,N,N
124555,33,True,A,N,SA,SD,A,SA,N,N,N,SD,N,A
939254,22,True,N,A,SD,D,D,SA,SA,A,N,D,D,SD
546548,23,True,N,SD,N,A,N,D,SA,A,A,N,SA,A
793620,20,True,SA,N,N,D,A,SD,A,SD,A,N,D,A
615072,28,True,N,D,N,D,A,SD,SD,SA,D,SD,N,N
431016,26,True,SD,SD,D,SD,D,SA,D,D,N,D,SD,A
657415,18,True,N,A,SD,A,SD,D,A,D,A,SA,SA,N
189268,32,True,N,A,SA,N,D,SA,A,SA,A,N,N,SA
505195,23,True,N,SD,D,SD,N,A,D,N,N,SD,SD,SD
196865,21,True,A,SA,SD,D,D,N,A,SD,N,SD,SD,A
736008,25,True,SA,A,A,A,D,SA,N,A,SA,SD,SD,SD
625102,18,True,N,N,SD,A,SD,D,D,N,SD,N,N,A
716622,28,True,D,N,D,A,A,D,D,SA,SA,SD,SD,N
184551,22,True,SA,SA,N,N,A,SD,A,N,A,N,A,SD
440539,23,True,D,SA,SD,N,SA,N,SA,D,A,A,SD,A
210366,25,True,A,A,SD,SD,D,A,SD,D,SA,SA,A,D
260910,28,True,N,SA,SA,SD,D,D,SA,N,SA,N,SD,SA
223294,24,True,N,SD,A,SD,SD,SD,N,SD,SA,N,SA,A
946687,19,True,D,SD,SD,SA,D,A,SD,SD,N,A,N,A
420482,20,True,SA,A,A,SA,SD,N,SD,D,SD,D,SD,SA
182947,21,True,D,A,SD,D,A,D,N,A,D,SA,N,SD
536419,26,True,A,SA,SA,A,A,D,SD,N,D,SD,D,SD
913371,22,True,SA,SA,A,SA,D,SA,SA,A,SD,D,SA,SD
448096,24,True,D,A,SD,N,D,SA,SA,N,SA,N,A,SD
219446,19,True,SA,D,A,N,N,D,A,SA,SD,D,D,D
214740,23,True,A,SD,N,D,D,D,N,D,SD,SD,SA,SA
309028,26,True,SD,SA,A,D,SD,N,A,A,N,A,SD,A
273905,32,True,SD,D,N,N,N,A,A,SA,SA,SD,A,N
232622,29,True,N,SD,A,D,A,SA,D,D,SA,SD,SD,N
754653,22,True,A,D,A,SD,SA,SA,A,N,SD,SA,N,SD
909124,26,True,SA,D,D,SD,A,SA,D,SD,N,D,D,SA
538165,19,True,D,D,D,A,D,N,N,SA,SD,SA,D,A
145866,20,True,SD,D,SD,A,D,N,N,D,A,N,SD,A
544387,28,True,D,D,SD,D,SA,N,N,SA,N,SD,D,N
165788,25,True,A,SD,N,D,SD,A,D,A,SD,N,SA,SA
569968,29,True,SD,D,SA,N,A,N,N,N,SA,D,N,SD
945024,24,True,N,SA,A,SA,A,D,SA,SA,SD,D,SD,SA
995662,25,True,A,D,N,N,N,A,N,SD,SA,SD,SD,SA
920766,35,True,SD,SA,SA,SD,N,D,SD,SA,A,D,SD,N
503144,23,True,D,N,D,A,SD,SD,D,N,SA,D,SD,SA
272860,30,True,D,SD,D,SD,SA,A,N,SD,SA,SD,D,SA
917359,15,True,SA,SA,SD,N,A,SD,SA,A,SD,A,N,SD
939836,19,True,N,A,SD,SA,N,N,D,N,SD,N,SD,A
856183,26,True,N,SA,SD,SD,A,SD,A,N,A,SA,A,SA
613116,23,True,SA,SD,N,SA,D,N,SD,N,SA,SD,A,D
922539,25,True,A,N,A,SA,SA,SA,SD,N,A,A,SD,D
398873,18,True,SD,A,D,A,SA,N,N,SD,SD,SA,D,SD
774443,27,True,N,SA,N,SD,SD,A,D,N,N,A,SD,SA
634231,18,True,D,D,N,A,D,SD,A,A,D,SD,D,SD
445140,23,True,A,A,A,D,A,A,SA,SD,D,N,SA,SD
124164,33,True,D,SD,N,SD,A,A,SD,A,SA,N,A,N
213864,22,True,SA,N,SD,A,A,SD,D,SA,A,N,SD,SA
865826,15,True,D,SD,D,A,SD,SD,A,N,SD,A,A,A
848727,27,True,N,N,A,SA,N,SA,D,A,D,A,A,A
978070,18,True,A,SA,D,SA,SA,N,A,SD,A,SA,N,SD
769914,16,True,SA,SD,N,A,SA,N,A,D,D,SA,N,N
449647,19,True,SA,SD,D,N,SA,N,N,N,N,A,N,D
512848,24,True,A,A,N,SA,N,D,N,SD,SA,SD,A,N
449940,24,True,D,D,N,D,N,A,D,SD,N,N,D,N
679801,19,True,D,SD,A,SA,N,SD,SD,SD,SD,SD,D,N
613342,25,True,N,N,A,SA,N,SA,A,SA,D,N,SA,SD
508458,21,True,N,N,SD,A,D,SD,SD,A,A,D,N,SD
584296,24,True,N,A,SD,A,SD,D,SD,A,A,SD,A,SD
634604,16,True,D,A,SD,SD,D,SD,A,SD,D,A,D,D
935413,22,True,N,SD,SA,N,A,A,N,SD,SD,D,N,D
770042,24,True,SA,SA,SA,SD,N,SA,SA,N,D,SA,SD,A
585418,21,True,SA,A,D,SD,SA,SD,N,D,N,A,A,SD
490732,17,True,SA,SD,SD,A,N,SD,N,N,SD,SD,SA,N
870491,28,True,SD,A,D,D,SA,D,D,N,A,N,N,SD
278178,23,True,SD,SD,D,N,SD,N,SD,SD,N,N,N,SA
827983,13,True,SD,D,N,SA,SD,D,SD,D,SD,SA,SD,SD
508289,28,True,N,SA,SD,N,A,N,SD,SA,SA,A,SD,N
930951,19,True,D,A,SA,SA,D,A,N,D,D,A,SD,SD
398229,26,True,D,A,N,SA,A,D,N,A,A,SA,A,A
516698,29,True,SD,A,D,SD,D,A,SD,SA,D,D,D,SD
624696,30,True,SD,SA,N,D,N,D,SA,SA,N,N,N,SA
776044,14,True,A,A,D,D,SD,D,SA,SD,D,SA,D,A
652397,28,True,D,N,SD,A,SA,SA,D,N,D,SA,SA,SA
659352,18,True,N,D,SD,D,SD,SA,A,SD,D,SA,A,A
111315,26,True,D,SA,SD,A,A,SA,A,SA,SD,SD,D,D
134786,23,True,N,SD,D,SA,A,A,N,N,A,D,A,D
536032,23,True,D,SA,N,A,SD,SD,SD,D,N,SD,D,D
895026,22,True,N,A,A,SD,SD,N,N,N,SD,A,D,N
159653,18,True,SA,SA,D,A,D,N,SA,SA,D,A,SD,A
318885,17,True,SA,D,SD,SA,N,A,D,A,N,SA,N,D
269363,19,True,D,N,SD,A,SD,SA,A,SA,SD,N,SD,N
911501,20,True,A,SD,SA,N,D,N,SA,D,A,A,D,SA
336634,15,True,SA,SA,D,SA,D,N,A,SA,SD,SA,N,SD
835414,21,True,SA,SA,SA,A,D,D,A,A,SA,SA,SD,N
505047,18,True,N,SD,A,SD,SD,A,SD,D,SD,SA,SD,D
360397,14,True,SA,SD,SD,SA,N,SD,SD,D,D,SA,A,A
255752,27,True,SD,SA,SD,N,SA,N,A,D,A,SA,A,A
833199,26,True,D,SD,A,D,D,SD,SD,D,SA,A,N,SA
176524,23,True,A,SD,A,SD,SD,N,N,SA,SD,A,SA,N
925952,18,True,D,D,SD,SA,SD,SA,N,SD,SA,N,SD,N
648069,27,True,SA,D,A,D,SA,SD,N,SA,SD,SD,SA,N
391838,30,True,SA,SA,N,N,SA,D,SD,D,SA,D,A,N
147696,20,True,SD,D,D,SA,N,D,SA,SA,D,N,SA,SD
855333,30,True,SA,N,A,A,SA,SD,SD,SA,D,D,SA,SA
630730,18,True,SA,A,N,SA,SD,SD,N,A,SD,SD,SA,SD
885035,28,True,A,A,D,D,N,A,SD,SA,D,SD,D,D
700473,24,True,N,D,N,D,SA,SD,SD,N,SD,A,N,A
202668,25,True,A,D,SA,A,N,D,SD,SA,SA,A,D,D
261276,15,True,N,D,SD,SA,D,A,D,SD,D,SA,A,D
427175,23,True,D,A,A,A,SD,D,D,SD,SD,D,A,A
396878,25,True,D,SD,SA,SA,A,SA,SD,N,N,N,D,SD
982016,23,True,D,N,N,N,SA,N,N,SD,N,SA,A,D
992304,20,True,A,D,SD,N,SD,D,SD,D,SA,D,SD,A
937210,26,True,N,N,D,N,A,SA,A,A,N,N,SA,SD
947679,26,True,SD,D,A,D,SD,N,N,SD,A,A,SA,A
619607,17,True,N,N,N,SA,D,SD,SA,N,N,D,N,D
605642,30,True,D,A,A,D,N,N,N,D,A,SD,SA,SD
989202,26,True,SA,SD,N,SD,N,SA,SA,N,N,SD,A,A
474835,40,True,SD,A,A,SD,SA,A,SD,N,A,SD,N,SA
718631,20,True,N,A,SD,N,SD,A,D,N,D,SA,A,D
810729,27,True,A,SD,SA,D,SD,SA,N,SA,SA,A,N,N
344234,20,True,SA,N,N,D,D,A,D,SD,N,N,SD,N
893980,23,True,SA,A,A,N,N,A,N,D,N,A,N,N
344298,31,True,SD,SA,D,SD,A,SA,SA,D,A,A,A,A
570897,21,True,A,N,SD,A,N,D,N,D,N,SD,SA,D
732917,18,True,D,D,SD,A,SD,A,D,N,A,N,SD,SD
258008,24,True,SD,N,D,SA,SD,SA,D,A,SD,SA,SA,A
541297,21,True,A,SA,SD,SD,D,N,D,D,SD,SA,N,A
399773,22,True,SA,D,SD,A,N,A,N,A,SD,SD,A,A
254176,28,True,A,N,N,A,A,D,SD,A,N,D,N,SA
444384,24,True,SA,A,SA,SA,D,D,D,N,A,N,D,SA
115238,19,True,N,D,A,D,D,A,A,N,N,SA,SD,D
879495,29,True,D,D,D,SD,N,D,SA,SA,SA,SD,A,N
747784,25,True,SA,A,D,D,N,D,SD,SD,SA,SD,D,N
863909,24,True,D,N,SD,A,SA,SA,SA,SA,N,SA,SA,SD
802571,25,True,SA,D,SD,SA,A,SA,N,D,A,D,SA,SA
794929,31,True,N,SA,A,D,N,SA,SD,N,SD,A,N,SA
934894,19,True,A,SA,N,SD,SD,N,A,SD,D,D,SD,D
837341,24,True,A,A,N,N,A,N,SA,D,N,SD,SD,SA
440511,31,True,N,SD,D,SD,SA,SA,N,D,SA,D,N,SA
845335,23,True,SA,D,A,D,A,N,D,D,D,D,SD,A
317821,23,True,SA,N,D,N,SA,SA,A,A,A,N,SD,D
639383,31,True,SD,A,SD,N,A,A,SD,A,SA,SA,A,N
717030,12,True,SD,D,SD,N,SD,N,A,SD,N,SA,SD,SD
374646,18,True,SA,N,SA,A,SD,A,A,N,D,SA,A,D
157855,28,True,N,A,D,SD,SA,A,D,SD,D,N,N,A
614408,23,True,SD,N,SD,SD,A,N,SA,D,D,SA,SA,N
209409,30,True,D,A,A,SA,D,SA,N,SA,SD,D,A,SA
162486,30,True,N,A,N,D,SD,N,D,SA,SA,N,D,SA
232107,29,True,A,SA,N,SD,D,SA,SA,D,SA,SD,SD,SA
963454,25,True,D,SD,N,A,SA,D,SD,D,D,A,SA,A
794571,31,True,A,D,A,A,A,SA,D,SA,A,SD,SD,SA
928902,31,True,A,A,SA,A,SA,SD,D,A,A,D,SA,N
495178,35,True,SA,A,SA,A,A,SA,SD,A,SA,SD,A,N
836131,23,True,A,D,A,A,A,N,N,A,SD,N,N,A
406816,24,True,D,SA,A,A,D,D,D,D,SA,A,D,D
158404,30,True,A,SD,A,N,N,D,SD,N,SA,SD,SA,A
501893,25,True,D,SA,D,SA,D,D,SD,SA,SD,A,A,A
496662,36,True,SD,A,SA,A,SA,SA,SA,SA,N,SD,SA,N
240062,24,True,A,SD,D,SD,A,N,D,A,SD,A,N,SA
527285,15,True,A,D,A,SD,SD,A,SA,D,SD,SA,D,D
564245,26,True,SD,SD,SA,D,A,SD,N,SA,SD,SA,SA,N
141001,33,True,SD,N,N,SD,SA,SA,D,SD,SA,SD,N,SD
213948,24,True,D,SD,SD,SA,SD,SA,D,SA,D,N,A,SA
376367,25,True,N,SA,N,D,SD,A,SA,A,SD,D,N,A
957952,24,True,SD,D,D,SD,A,SD,N,D,SA,SA,N,N
795426,24,True,A,N,SD,SA,A,SA,SD,SA,D,D,N,SD
464231,22,True,D,A,N,A,SA,SD,A,N,N,D,SD,D
811083,18,True,A,SD,SD,SD,N,SD,SD,N,SD,SA,SA,D
640241,19,True,A,A,SD,D,D,D,D,SD,A,A,D,N
949672,17,True,SA,A,N,A,D,N,N,SD,SD,D,A,SD
964237,37,True,SD,N,SA,SD,A,D,A,SA,A,SD,A,SA
459636,24,True,N,A,SD,SA,SD,A,SD,SA,D,A,A,A
397058,12,True,A,N,N,N,SD,D,SA,SD,A,SA,D,SD
104465,32,True,D,N,N,SD,N,A,N,SD,SA,D,SA,A
305860,28,True,SD,N,A,D,SD,A,A,SA,A,A,SD,SA
100174,22,True,D,SA,A,SA,D,SD,A,A,SD,D,D,A
887542,19,True,A,SD,SA,N,SA,N,SA,N,D,SA,SD,A
311389,27,True,D,SD,SA,N,A,SA,N,N,D,D,SD,A
415288,18,True,SA,D,N,SA,N,D,N,N,N,SD,SD,N
890287,25,True,SD,SD,SA,D,SA,A,N,SD,N,SA,SD,A
988628,27,True,SD,D,N,D,N,SA,SA,N,SA,SA,SA,D
711358,22,True,SD,A,D,D,SD,N,N,SD,D,N,A,D
846598,15,True,N,D,N,N,SA,D,SA,SD,SD,A,N,SD
737759,19,True,SA,SD,A,SD,D,SD,A,SA,SA,SA,SD,N
902403,35,True,SD,D,A,D,SA,SA,N,A,A,D,D,SA
158334,31,True,A,SA,N,SA,A,D,D,SA,SA,N,A,SA
244227,21,True,SA,SD,D,SD,A,N,SA,N,N,SA,A,SA
850239,21,True,A,SA,D,N,N,A,SD,SD,SD,D,D,SD
953844,32,True,A,A,A,D,A,SA,A,SA,SD,D,A,SA
262152,24,True,N,D,D,D,A,SA,SD,SD,D,SD,D,SD
295057,24,True,D,D,SD,D,SD,SA,A,SA,D,SD,D,N
702748,19,True,N,D,D,N,D,SD,N,SA,D,D,SD,N
127635,11,True,SA,D,D,N,D,D,SA,D,SD,SA,SA,SD
564375,23,True,SA,N,SD,SD,SA,SD,SD,SD,A,SA,A,A
299767,15,True,SA,D,N,SA,D,D,SA,D,A,N,N,N
393178,27,True,SA,A,SD,N,SA,SD,SD,A,SA,SD,A,SD
509642,30,True,D,A,A,SD,A,SA,SD,SD,D,N,A,SD
544231,33,True,D,SA,SA,SD,N,A,A,SD,N,SD,SA,N
884510,29,True,D,N,N,D,A,D,A,N,SA,SD,D,A
516402,33,True,SD,SA,SD,SD,A,A,N,N,A,A,A,SA
644594,13,True,SA,SD,SD,SA,SD,SD,D,N,D,SD,A,SD
112884,23,True,N,D,A,N,N,SA,D,SD,D,SA,SA,D
881065,25,True,SA,SD,D,SD,N,N,D,D,D,D,SA,SA
683351,33,True,A,A,N,SD,A,SD,D,SA,SA,D,A,A
832917,26,True,SA,N,A,SA,SA,SA,A,N,SA,D,N,D
617841,26,True,SD,N,D,A,A,N,N,SA,D,SD,N,SD
835178,24,True,N,SA,N,A,D,D,SD,D,A,N,SD,A
939258,22,True,SA,N,D,A,N,A,A,N,SD,D,A,SA
582879,20,True,D,SD,A,A,SD,D,D,N,SD,A,N,SA
159674,29,True,SD,SA,A,D,SA,SD,SA,D,N,A,SA,A
212908,22,True,D,N,A,SA,D,SD,SD,SA,SD,N,N,D
344414,25,True,SD,D,A,D,D,D,D,N,N,SA,N,A
106524,20,True,SD,SD,SD,SA,A,SD,SD,D,D,N,D,SA
195442,25,True,N,A,N,N,D,SD,SD,A,SA,A,N,D
494215,25,True,SA,SD,D,D,D,A,SD,N,A,N,SA,N
981469,25,True,D,SA,SD,A,N,N,N,D,D,SD,SA,D
757343,26,True,SA,SD,N,D,SA,A,N,A,SD,A,SA,SA
807321,26,True,SA,SA,SA,D,SA,SD,SA,A,SA,A,D,N
169872,20,True,N,N,D,SA,A,D,SA,D,N,D,A,N
865225,23,True,N,A,A,A,A,SA,A,SA,D,SA,D,SD
940120,21,True,D,SD,SD,D,N,N,A,SD,D,N,A,SA
671952,16,True,A,SD,N,SD,D,A,SA,D,A,SA,D,SD
357108,36,True,SD,SA,SA,A,SA,A,N,SD,SA,D,SA,A
676854,32,True,SD,A,N,D,N,A,D,SD,A,SD,A,N
151506,22,True,SA,D,SD,D,A,D,SD,D,A,A,D,SA
375800,27,True,A,N,D,A,A,A,N,SA,D,SD,A,N
160183,27,True,SD,SD,D,D,D,A,SA,SA,N,SD,N,A
571079,18,True,D,A,N,A,SA,N,SA,D,SD,A,SD,D
395861,21,True,D,N,D,N,N,SA,SA,N,D,SA,A,D
377338,18,True,N,A,SD,SA,SD,N,N,SA,A,SA,SD,N
386115,24,True,SA,D,A,N,N,SA,SA,SA,D,A,N,SA
838767,17,True,N,N,N,A,SD,SD,N,SA,D,N,D,SD
473909,32,True,D,SD,SA,N,D,A,SD,N,A,D,A,SA
903816,26,True,A,SA,SD,SD,A,N,D,D,N,D,SD,A
842353,28,True,SD,SA,N,D,A,N,N,D,N,SA,A,N
166894,26,True,N,A,A,A,SD,A,A,A,SA,N,SD,SA
527124,18,True,D,D,SD,D,N,SD,N,D,D,N,D,N
204872,21,True,SD,D,A,SA,SD,SD,SD,SD,A,SD,SD,N
487070,27,True,SD,D,N,N,N,D,A,SA,N,SD,A,D
378457,26,True,SD,D,SD,A,N,A,N,SA,A,A,N,A
181572,25,True,SD,SD,N,A,SA,A,SD,D,D,N,D,N
101500,32,True,D,SD,A,SD,A,SA,D,D,SA,D,SA,SD
596177,24,True,SD,D,N,SD,SD,N,SA,N,A,SD,D,D
665475,29,True,D,A,SA,D,D,SA,SA,SA,A,SA,A,D
115758,15,True,D,D,SD,A,SD,D,SA,D,SD,SD,N,N
390291,33,True,N,A,SA,SD,SA,SA,D,SD,N,A,N,SA
895531,30,True,A,D,SA,SD,SD,D,SD,SA,SA,D,SD,SA
771872,25,True,A,SA,D,D,SA,SD,N,D,SD,SD,A,N
202788,33,True,SD,SA,SA,SA,SA,D,N,A,SA,D,A,D
897839,24,True,N,SA,N,SD,N,SD,N,N,SD,N,A,D
485061,20,True,N,N,SA,A,SA,D,N,N,SD,SA,D,D
458090,26,True,SD,SA,N,A,N,N,A,D,A,SA,SA,N
730823,16,True,A,N,N,A,SD,D,SA,N,A,SA,A,D
569642,32,True,SA,A,D,SD,A,A,SD,N,A,SD,A,N
649248,21,True,D,N,SD,N,N,SD,SA,A,N,SD,A,SD
182673,29,True,D,D,A,N,D,A,D,A,D,SD,N,A
325599,25,True,D,A,A,SA,A,N,SA,A,D,N,SA,D
589591,23,True,N,D,D,SD,D,A,D,SD,A,A,A,D
349652,16,True,SA,SD,D,SA,D,N,A,SA,N,N,A,SD
209076,24,True,A,SD,D,SA,SA,N,SD,SD,SA,A,A,SA
234192,18,True,SA,D,D,SD,SD,N,A,N,SD,N,SA,D
421371,16,True,N,D,N,SA,D,A,A,A,D,SA,SD,N
127795,27,True,D,A,D,A,D,D,SA,SA,A,SD,SA,N
577209,27,True,A,SA,SD,D,A,D,SD,A,D,D,D,A
438806,33,True,SD,SA,A,D,SD,N,D,N,SA,D,A,N
720601,34,True,N,SA,SA,A,SA,SD,D,D,SA,SD,A,SA
934952,28,True,SD,D,SA,A,N,A,D,D,N,D,SA,SD
893015,13,True,N,N,N,SA,SA,SD,SA,SD,SD,SA,A,SD
599749,19,True,SA,N,SD,SA,A,A,D,N,D,SA,A,N
480253,35,True,D,A,SA,SD,D,SA,D,D,D,SD,A,SA
352470,31,True,SD,N,SA,SD,N,D,N,D,N,N,A,SA
700070,21,True,N,SA,SD,N,D,A,SD,N,SD,A,D,D
816862,17,True,SA,N,A,D,D,SD,SD,SD,D,D,SD,SD
737717,24,True,N,SD,A,SD,SD,D,A,A,SA,SD,N,SD
850467,24,True,A,D,D,SA,N,SD,SD,SA,A,D,SA,D
972439,30,True,D,D,A,D,SD,SA,SA,N,SA,SD,N,SA
537776,16,True,SD,SD,D,SA,D,A,D,A,SD,SA,D,SD
209371,22,True,N,A,A,SA,SA,SD,SA,SD,SA,A,N,A
361586,19,True,N,SD,SD,N,A,D,SA,N,SA,N,A,SD
